solid stuff
facet normal -0.8443279255020182 -0.535826794978992 0.0
  outer loop
    vertex 287.0198208192281 56.01931449113841 6.799999999999999
    vertex 287.09720475190426 55.89737893174857 0.7500174632356593
    vertex 287.0972039577473 55.89737817621904 6.799999999999999
  endloop
endfacet
facet normal -0.8443279255020182 -0.535826794978992 0.0
  outer loop
    vertex 287.09720475190426 55.89737893174857 0.7500174632356593
    vertex 287.0198208192281 56.01931449113841 6.799999999999999
    vertex 287.01982161338503 56.01931524666793 0.7500174632356593
  endloop
endfacet
facet normal -0.844327925502018 0.5358267949789922 0.0
  outer loop
    vertex 287.0972039577473 54.7893447257851 6.799999999999999
    vertex 287.01982161338503 54.66740916639526 0.7500174632356593
    vertex 287.0198208192281 54.66740841086573 6.799999999999999
  endloop
endfacet
facet normal -0.844327925502018 0.5358267949789922 0.0
  outer loop
    vertex 287.01982161338503 54.66740916639526 0.7500174632356593
    vertex 287.0972039577473 54.7893447257851 6.799999999999999
    vertex 287.09720475190426 54.789345481314626 0.7500174632356593
  endloop
endfacet
facet normal -0.9822872507286887 -0.18738131458572507 0.0
  outer loop
    vertex 287.2033219109948 55.62935482124166 6.799999999999999
    vertex 287.2303839763655 55.48749542513055 0.7500174632356593
    vertex 287.2303831822085 55.48749466960102 6.799999999999999
  endloop
endfacet
facet normal -0.9822872507286887 -0.18738131458572507 0.0
  outer loop
    vertex 287.2303839763655 55.48749542513055 0.7500174632356593
    vertex 287.2033219109948 55.62935482124166 6.799999999999999
    vertex 287.2033227051518 55.62935557677118 0.7500174632356593
  endloop
endfacet
facet normal -0.9822872507286887 0.18738131458572535 0.0
  outer loop
    vertex 287.2303831822085 55.19922823240312 6.799999999999999
    vertex 287.2033227051518 55.05736883629201 0.7500174632356593
    vertex 287.2033219109948 55.05736808076248 6.799999999999999
  endloop
endfacet
facet normal -0.9822872507286887 0.18738131458572535 0.0
  outer loop
    vertex 287.2033227051518 55.05736883629201 0.7500174632356593
    vertex 287.2303831822085 55.19922823240312 6.799999999999999
    vertex 287.2303839763655 55.19922898793264 0.7500174632356593
  endloop
endfacet
facet normal -0.5877852522924734 0.8090169943749473 0.0
  outer loop
    vertex 286.7056520899227 54.37238433667475 6.799999999999999
    vertex 286.82248965806485 54.45727197733944 0.7500174632356593
    vertex 286.7056528840797 54.372385092204276 0.7500174632356593
  endloop
endfacet
facet normal -0.5877852522924734 0.8090169943749473 0.0
  outer loop
    vertex 286.82248965806485 54.45727197733944 0.7500174632356593
    vertex 286.7056520899227 54.37238433667475 6.799999999999999
    vertex 286.82248886390784 54.45727122180991 6.799999999999999
  endloop
endfacet
facet normal -0.9510565162951534 -0.3090169943749479 0.0
  outer loop
    vertex 287.1586942344684 55.76670468658944 6.799999999999999
    vertex 287.2033227051518 55.62935557677118 0.7500174632356593
    vertex 287.2033219109948 55.62935482124166 6.799999999999999
  endloop
endfacet
facet normal -0.9510565162951534 -0.3090169943749479 0.0
  outer loop
    vertex 287.2033227051518 55.62935557677118 0.7500174632356593
    vertex 287.1586942344684 55.76670468658944 6.799999999999999
    vertex 287.1586950286253 55.76670544211897 0.7500174632356593
  endloop
endfacet
facet normal 0.36812455268467914 0.9297764858882511 0.0
  outer loop
    vertex 285.599805090397 54.30281034066614 6.799999999999999
    vertex 285.73408252632265 54.24964721279217 0.7500174632356593
    vertex 285.59980588455403 54.30281109619567 0.7500174632356593
  endloop
endfacet
facet normal 0.36812455268467914 0.9297764858882511 0.0
  outer loop
    vertex 285.73408252632265 54.24964721279217 0.7500174632356593
    vertex 285.599805090397 54.30281034066614 6.799999999999999
    vertex 285.7340817321657 54.24964645726264 6.799999999999999
  endloop
endfacet
facet normal 0.0 1.0 0.0
  outer loop
    vertex 286.0172421782382 54.195630713309555 6.799999999999999
    vertex 286.16166116731256 54.19563146883908 0.7500174632356593
    vertex 286.01724297239514 54.19563146883908 0.7500174632356593
  endloop
endfacet
facet normal 0.0 1.0 0.0
  outer loop
    vertex 286.16166116731256 54.19563146883908 0.7500174632356593
    vertex 286.0172421782382 54.195630713309555 6.799999999999999
    vertex 286.1616603731556 54.195630713309555 6.799999999999999
  endloop
endfacet
facet normal 0.24868988716485466 0.9685831611286312 0.0
  outer loop
    vertex 285.7340817321657 54.24964645726264 6.799999999999999
    vertex 285.8739635580802 54.21373186819361 0.7500174632356593
    vertex 285.73408252632265 54.24964721279217 0.7500174632356593
  endloop
endfacet
facet normal 0.24868988716485466 0.9685831611286312 0.0
  outer loop
    vertex 285.8739635580802 54.21373186819361 0.7500174632356593
    vertex 285.7340817321657 54.24964645726264 6.799999999999999
    vertex 285.8739627639233 54.213731112664085 6.799999999999999
  endloop
endfacet
facet normal -0.9048270524660192 0.42577929156507327 0.0
  outer loop
    vertex 281.5306048288237 54.772768394340815 6.799999999999999
    vertex 281.4477273725089 54.596644019538346 0.7500174059145207
    vertex 281.4477266297649 54.59664325614441 6.799999999999999
  endloop
endfacet
facet normal -0.9048270524660192 0.42577929156507327 0.0
  outer loop
    vertex 281.4477273725089 54.596644019538346 0.7500174059145207
    vertex 281.5306048288237 54.772768394340815 6.799999999999999
    vertex 281.5306055715677 54.77276915773476 0.7500174059145207
  endloop
endfacet
facet normal -0.9510565162951536 0.30901699437494756 0.0
  outer loop
    vertex 281.59075517544625 54.95789212589655 6.799999999999999
    vertex 281.5306055715677 54.77276915773476 0.7500174059145207
    vertex 281.5306048288237 54.772768394340815 6.799999999999999
  endloop
endfacet
facet normal -0.9510565162951536 0.30901699437494756 0.0
  outer loop
    vertex 281.5306055715677 54.77276915773476 0.7500174059145207
    vertex 281.59075517544625 54.95789212589655 6.799999999999999
    vertex 281.59075591819027 54.957892889290484 0.7500174059145207
  endloop
endfacet
facet normal 0.7705132427757889 0.6374239897486902 0.0
  outer loop
    vertex 278.95955064593767 54.282314200206535 0.7500174059145207
    vertex 278.8354749344157 54.432294309948745 6.799999999999999
    vertex 278.95954990319365 54.2823134368126 6.799999999999999
  endloop
endfacet
facet normal 0.7705132427757889 0.6374239897486902 0.0
  outer loop
    vertex 278.8354749344157 54.432294309948745 6.799999999999999
    vertex 278.95955064593767 54.282314200206535 0.7500174059145207
    vertex 278.83547567715976 54.43229507334268 0.7500174059145207
  endloop
endfacet
facet normal 0.0 -1.0 0.0
  outer loop
    vertex 280.1867765809673 56.89030288006589 6.799999999999999
    vertex 279.9921267131704 56.89030364345982 0.7500174059145207
    vertex 280.18677732371134 56.89030364345982 0.7500174059145207
  endloop
endfacet
facet normal 0.0 -1.0 0.0
  outer loop
    vertex 279.9921267131704 56.89030364345982 0.7500174059145207
    vertex 280.1867765809673 56.89030288006589 6.799999999999999
    vertex 279.99212597042646 56.89030288006589 6.799999999999999
  endloop
endfacet
facet normal 0.3681245526846773 -0.9297764858882517 0.0
  outer loop
    vertex 279.6104749344157 56.81749905125956 6.799999999999999
    vertex 279.429494116515 56.74584414571834 0.7500174059145207
    vertex 279.61047567715974 56.817499814653495 0.7500174059145207
  endloop
endfacet
facet normal 0.3681245526846773 -0.9297764858882517 0.0
  outer loop
    vertex 279.429494116515 56.74584414571834 0.7500174059145207
    vertex 279.6104749344157 56.81749905125956 6.799999999999999
    vertex 279.429493373771 56.745843382324395 6.799999999999999
  endloop
endfacet
facet normal 0.48175367410171505 -0.8763066800438639 0.0
  outer loop
    vertex 279.429493373771 56.745843382324395 6.799999999999999
    vertex 279.2589204862235 56.652070498924125 0.7500174059145207
    vertex 279.429494116515 56.74584414571834 0.7500174059145207
  endloop
endfacet
facet normal 0.48175367410171505 -0.8763066800438639 0.0
  outer loop
    vertex 279.2589204862235 56.652070498924125 0.7500174059145207
    vertex 279.429493373771 56.745843382324395 6.799999999999999
    vertex 279.25891974347945 56.65206973553019 6.799999999999999
  endloop
endfacet
facet normal -0.8443279255020156 0.535826794978996 0.0
  outer loop
    vertex 281.4477266297649 54.59664325614441 6.799999999999999
    vertex 281.34342835972205 54.43229507334268 0.7500174059145207
    vertex 281.34342761697803 54.432294309948745 6.799999999999999
  endloop
endfacet
facet normal -0.8443279255020156 0.535826794978996 0.0
  outer loop
    vertex 281.34342835972205 54.43229507334268 0.7500174059145207
    vertex 281.4477266297649 54.59664325614441 6.799999999999999
    vertex 281.4477273725089 54.596644019538346 0.7500174059145207
  endloop
endfacet
facet normal 0.24868988716485574 -0.968583161128631 0.0
  outer loop
    vertex 279.799010238089 56.86590668963154 6.799999999999999
    vertex 279.61047567715974 56.817499814653495 0.7500174059145207
    vertex 279.79901098083303 56.86590745302548 0.7500174059145207
  endloop
endfacet
facet normal 0.24868988716485574 -0.968583161128631 0.0
  outer loop
    vertex 279.61047567715974 56.817499814653495 0.7500174059145207
    vertex 279.799010238089 56.86590668963154 6.799999999999999
    vertex 279.6104749344157 56.81749905125956 6.799999999999999
  endloop
endfacet
facet normal -0.5877852522924737 -0.809016994374947 0.0
  outer loop
    vertex 281.07745845980736 56.53765697730454 6.799999999999999
    vertex 280.9199835506583 56.652070498924125 0.7500174059145207
    vertex 281.0774592025514 56.537657740698485 0.7500174059145207
  endloop
endfacet
facet normal -0.5877852522924737 -0.809016994374947 0.0
  outer loop
    vertex 280.9199835506583 56.652070498924125 0.7500174059145207
    vertex 281.07745845980736 56.53765697730454 6.799999999999999
    vertex 280.9199828079143 56.65206973553019 6.799999999999999
  endloop
endfacet
facet normal -0.48175367410171477 -0.8763066800438639 0.0
  outer loop
    vertex 280.9199828079143 56.65206973553019 6.799999999999999
    vertex 280.74940992036676 56.74584414571834 0.7500174059145207
    vertex 280.9199835506583 56.652070498924125 0.7500174059145207
  endloop
endfacet
facet normal -0.48175367410171477 -0.8763066800438639 0.0
  outer loop
    vertex 280.74940992036676 56.74584414571834 0.7500174059145207
    vertex 280.9199828079143 56.65206973553019 6.799999999999999
    vertex 280.74940917762274 56.745843382324395 6.799999999999999
  endloop
endfacet
facet normal 0.6845471059286887 -0.7289686274214116 0.0
  outer loop
    vertex 279.1014440915864 56.53765697730454 6.799999999999999
    vertex 278.95955064593767 56.404410228585476 0.7500174059145207
    vertex 279.10144483433044 56.537657740698485 0.7500174059145207
  endloop
endfacet
facet normal 0.6845471059286887 -0.7289686274214116 0.0
  outer loop
    vertex 278.95955064593767 56.404410228585476 0.7500174059145207
    vertex 279.1014440915864 56.53765697730454 6.799999999999999
    vertex 278.95954990319365 56.40440946519154 6.799999999999999
  endloop
endfacet
facet normal -0.3681245526846773 -0.9297764858882517 0.0
  outer loop
    vertex 280.74940917762274 56.745843382324395 6.799999999999999
    vertex 280.5684283597221 56.817499814653495 0.7500174059145207
    vertex 280.74940992036676 56.74584414571834 0.7500174059145207
  endloop
endfacet
facet normal -0.3681245526846773 -0.9297764858882517 0.0
  outer loop
    vertex 280.5684283597221 56.817499814653495 0.7500174059145207
    vertex 280.74940917762274 56.745843382324395 6.799999999999999
    vertex 280.56842761697806 56.81749905125956 6.799999999999999
  endloop
endfacet
facet normal 0.5877852522924734 -0.8090169943749473 0.0
  outer loop
    vertex 279.25891974347945 56.65206973553019 6.799999999999999
    vertex 279.10144483433044 56.537657740698485 0.7500174059145207
    vertex 279.2589204862235 56.652070498924125 0.7500174059145207
  endloop
endfacet
facet normal 0.5877852522924734 -0.8090169943749473 0.0
  outer loop
    vertex 279.10144483433044 56.537657740698485 0.7500174059145207
    vertex 279.25891974347945 56.65206973553019 6.799999999999999
    vertex 279.1014440915864 56.53765697730454 6.799999999999999
  endloop
endfacet
facet normal -0.24868988716485574 -0.968583161128631 0.0
  outer loop
    vertex 280.56842761697806 56.81749905125956 6.799999999999999
    vertex 280.3798930560488 56.86590745302548 0.7500174059145207
    vertex 280.5684283597221 56.817499814653495 0.7500174059145207
  endloop
endfacet
facet normal -0.24868988716485574 -0.968583161128631 0.0
  outer loop
    vertex 280.3798930560488 56.86590745302548 0.7500174059145207
    vertex 280.56842761697806 56.81749905125956 6.799999999999999
    vertex 280.3798923133047 56.86590668963154 6.799999999999999
  endloop
endfacet
facet normal 0.1253332335643046 -0.9921147013144778 0.0
  outer loop
    vertex 279.99212597042646 56.89030288006589 6.799999999999999
    vertex 279.79901098083303 56.86590745302548 0.7500174059145207
    vertex 279.9921267131704 56.89030364345982 0.7500174059145207
  endloop
endfacet
facet normal 0.1253332335643046 -0.9921147013144778 0.0
  outer loop
    vertex 279.79901098083303 56.86590745302548 0.7500174059145207
    vertex 279.99212597042646 56.89030288006589 6.799999999999999
    vertex 279.799010238089 56.86590668963154 6.799999999999999
  endloop
endfacet
facet normal -0.12533323356430462 -0.9921147013144778 0.0
  outer loop
    vertex 280.3798923133047 56.86590668963154 6.799999999999999
    vertex 280.18677732371134 56.89030364345982 0.7500174059145207
    vertex 280.3798930560488 56.86590745302548 0.7500174059145207
  endloop
endfacet
facet normal -0.12533323356430462 -0.9921147013144778 0.0
  outer loop
    vertex 280.18677732371134 56.89030364345982 0.7500174059145207
    vertex 280.3798923133047 56.86590668963154 6.799999999999999
    vertex 280.1867765809673 56.89030288006589 6.799999999999999
  endloop
endfacet
facet normal 0.8443279255020156 0.535826794978996 0.0
  outer loop
    vertex 278.83547567715976 54.43229507334268 0.7500174059145207
    vertex 278.73117592162885 54.59664325614441 6.799999999999999
    vertex 278.8354749344157 54.432294309948745 6.799999999999999
  endloop
endfacet
facet normal 0.8443279255020156 0.535826794978996 0.0
  outer loop
    vertex 278.73117592162885 54.59664325614441 6.799999999999999
    vertex 278.83547567715976 54.43229507334268 0.7500174059145207
    vertex 278.73117666437287 54.596644019538346 0.7500174059145207
  endloop
endfacet
facet normal 0.9510565162951538 -0.3090169943749472 0.0
  outer loop
    vertex 278.5881481186915 55.72883153950153 0.7500174059145207
    vertex 278.6482977225701 55.91395450766332 6.799999999999999
    vertex 278.58814737594747 55.72883077610759 6.799999999999999
  endloop
endfacet
facet normal 0.9510565162951538 -0.3090169943749472 0.0
  outer loop
    vertex 278.6482977225701 55.91395450766332 6.799999999999999
    vertex 278.5881481186915 55.72883153950153 0.7500174059145207
    vertex 278.6482984653141 55.91395527105726 0.7500174059145207
  endloop
endfacet
facet normal 0.9980267284282717 0.06279051952931304 0.0
  outer loop
    vertex 278.55167423140347 55.14909570237133 0.7500174059145207
    vertex 278.5394512756969 55.34336145100207 6.799999999999999
    vertex 278.55167348865945 55.1490949389774 6.799999999999999
  endloop
endfacet
facet normal 0.9980267284282717 0.06279051952931304 0.0
  outer loop
    vertex 278.5394512756969 55.34336145100207 6.799999999999999
    vertex 278.55167423140347 55.14909570237133 0.7500174059145207
    vertex 278.5394520184409 55.34336221439601 0.7500174059145207
  endloop
endfacet
facet normal 0.9048270524660195 -0.42577929156507327 0.0
  outer loop
    vertex 278.6482984653141 55.91395527105726 0.7500174059145207
    vertex 278.73117592162885 56.09007964585973 6.799999999999999
    vertex 278.6482977225701 55.91395450766332 6.799999999999999
  endloop
endfacet
facet normal 0.9048270524660195 -0.42577929156507327 0.0
  outer loop
    vertex 278.73117592162885 56.09007964585973 6.799999999999999
    vertex 278.6482984653141 55.91395527105726 0.7500174059145207
    vertex 278.73117666437287 56.090080409253666 0.7500174059145207
  endloop
endfacet
facet normal 0.9510565162951538 0.3090169943749472 0.0
  outer loop
    vertex 278.6482984653141 54.77276915773476 0.7500174059145207
    vertex 278.58814737594747 54.95789212589655 6.799999999999999
    vertex 278.6482977225701 54.772768394340815 6.799999999999999
  endloop
endfacet
facet normal 0.9510565162951538 0.3090169943749472 0.0
  outer loop
    vertex 278.58814737594747 54.95789212589655 6.799999999999999
    vertex 278.6482984653141 54.77276915773476 0.7500174059145207
    vertex 278.5881481186915 54.957892889290484 0.7500174059145207
  endloop
endfacet
facet normal 0.9822872507286887 0.18738131458572513 0.0
  outer loop
    vertex 278.5881481186915 54.957892889290484 0.7500174059145207
    vertex 278.55167348865945 55.1490949389774 6.799999999999999
    vertex 278.58814737594747 54.95789212589655 6.799999999999999
  endloop
endfacet
facet normal 0.9822872507286887 0.18738131458572513 0.0
  outer loop
    vertex 278.55167348865945 55.1490949389774 6.799999999999999
    vertex 278.5881481186915 54.957892889290484 0.7500174059145207
    vertex 278.55167423140347 55.14909570237133 0.7500174059145207
  endloop
endfacet
facet normal 0.9822872507286887 -0.18738131458572513 0.0
  outer loop
    vertex 278.55167423140347 55.53762872642068 0.7500174059145207
    vertex 278.58814737594747 55.72883077610759 6.799999999999999
    vertex 278.55167348865945 55.53762796302674 6.799999999999999
  endloop
endfacet
facet normal 0.9822872507286887 -0.18738131458572513 0.0
  outer loop
    vertex 278.58814737594747 55.72883077610759 6.799999999999999
    vertex 278.55167423140347 55.53762872642068 0.7500174059145207
    vertex 278.5881481186915 55.72883153950153 0.7500174059145207
  endloop
endfacet
facet normal 0.9980267284282717 -0.06279051952931305 0.0
  outer loop
    vertex 278.5394520184409 55.34336221439601 0.7500174059145207
    vertex 278.55167348865945 55.53762796302674 6.799999999999999
    vertex 278.5394512756969 55.34336145100207 6.799999999999999
  endloop
endfacet
facet normal 0.9980267284282717 -0.06279051952931305 0.0
  outer loop
    vertex 278.55167348865945 55.53762796302674 6.799999999999999
    vertex 278.5394520184409 55.34336221439601 0.7500174059145207
    vertex 278.55167423140347 55.53762872642068 0.7500174059145207
  endloop
endfacet
facet normal -0.7705132427757889 0.6374239897486902 0.0
  outer loop
    vertex 281.34342761697803 54.432294309948745 6.799999999999999
    vertex 281.2193533909441 54.282314200206535 0.7500174059145207
    vertex 281.2193526482001 54.2823134368126 6.799999999999999
  endloop
endfacet
facet normal -0.7705132427757889 0.6374239897486902 0.0
  outer loop
    vertex 281.2193533909441 54.282314200206535 0.7500174059145207
    vertex 281.34342761697803 54.432294309948745 6.799999999999999
    vertex 281.34342835972205 54.43229507334268 0.7500174059145207
  endloop
endfacet
facet normal 0.8443279255020156 -0.535826794978996 0.0
  outer loop
    vertex 278.73117666437287 56.090080409253666 0.7500174059145207
    vertex 278.8354749344157 56.2544285920554 6.799999999999999
    vertex 278.73117592162885 56.09007964585973 6.799999999999999
  endloop
endfacet
facet normal 0.8443279255020156 -0.535826794978996 0.0
  outer loop
    vertex 278.8354749344157 56.2544285920554 6.799999999999999
    vertex 278.73117666437287 56.090080409253666 0.7500174059145207
    vertex 278.83547567715976 56.25442935544934 0.7500174059145207
  endloop
endfacet
facet normal 0.7705132427757889 -0.6374239897486902 0.0
  outer loop
    vertex 278.83547567715976 56.25442935544934 0.7500174059145207
    vertex 278.95954990319365 56.40440946519154 6.799999999999999
    vertex 278.8354749344157 56.2544285920554 6.799999999999999
  endloop
endfacet
facet normal 0.7705132427757889 -0.6374239897486902 0.0
  outer loop
    vertex 278.95954990319365 56.40440946519154 6.799999999999999
    vertex 278.83547567715976 56.25442935544934 0.7500174059145207
    vertex 278.95955064593767 56.404410228585476 0.7500174059145207
  endloop
endfacet
facet normal -0.5877852522924725 -0.8090169943749479 0.0
  outer loop
    vertex 286.82248886390784 56.22945168019423 6.799999999999999
    vertex 286.7056528840797 56.31433932085891 0.7500174632356593
    vertex 286.82248965806485 56.22945243572376 0.7500174632356593
  endloop
endfacet
facet normal -0.5877852522924725 -0.8090169943749479 0.0
  outer loop
    vertex 286.7056528840797 56.31433932085891 0.7500174632356593
    vertex 286.82248886390784 56.22945168019423 6.799999999999999
    vertex 286.7056520899227 56.314338565329386 6.799999999999999
  endloop
endfacet
facet normal -0.36812455268467587 -0.9297764858882522 0.0
  outer loop
    vertex 286.5790974609967 56.38391256133799 6.799999999999999
    vertex 286.44482161338505 56.43707720027102 0.7500174632356593
    vertex 286.57909825515367 56.38391331686752 0.7500174632356593
  endloop
endfacet
facet normal -0.36812455268467587 -0.9297764858882522 0.0
  outer loop
    vertex 286.44482161338505 56.43707720027102 0.7500174632356593
    vertex 286.5790974609967 56.38391256133799 6.799999999999999
    vertex 286.444820819228 56.43707644474149 6.799999999999999
  endloop
endfacet
facet normal 0.0 1.0 0.0
  outer loop
    vertex 279.99212597042646 53.79642002193825 6.799999999999999
    vertex 280.18677732371134 53.79642078533219 0.7500174059145207
    vertex 279.9921267131704 53.79642078533219 0.7500174059145207
  endloop
endfacet
facet normal 0.0 1.0 0.0
  outer loop
    vertex 280.18677732371134 53.79642078533219 0.7500174059145207
    vertex 279.99212597042646 53.79642002193825 6.799999999999999
    vertex 280.1867765809673 53.79642002193825 6.799999999999999
  endloop
endfacet
facet normal 0.6845471059286887 0.7289686274214116 0.0
  outer loop
    vertex 278.95954990319365 54.2823134368126 6.799999999999999
    vertex 279.10144483433044 54.149066688093534 0.7500174059145207
    vertex 278.95955064593767 54.282314200206535 0.7500174059145207
  endloop
endfacet
facet normal 0.6845471059286887 0.7289686274214116 0.0
  outer loop
    vertex 279.10144483433044 54.149066688093534 0.7500174059145207
    vertex 278.95954990319365 54.2823134368126 6.799999999999999
    vertex 279.1014440915864 54.1490659246996 6.799999999999999
  endloop
endfacet
facet normal -0.7705132427757865 -0.6374239897486931 0.0
  outer loop
    vertex 286.9277651972315 56.13059062282006 6.799999999999999
    vertex 287.01982161338503 56.01931524666793 0.7500174632356593
    vertex 287.0198208192281 56.01931449113841 6.799999999999999
  endloop
endfacet
facet normal -0.7705132427757865 -0.6374239897486931 0.0
  outer loop
    vertex 287.01982161338503 56.01931524666793 0.7500174632356593
    vertex 286.9277651972315 56.13059062282006 6.799999999999999
    vertex 286.92776599138847 56.130591378349585 0.7500174632356593
  endloop
endfacet
facet normal 0.9048270524660195 0.42577929156507327 0.0
  outer loop
    vertex 278.73117666437287 54.596644019538346 0.7500174059145207
    vertex 278.6482977225701 54.772768394340815 6.799999999999999
    vertex 278.73117592162885 54.59664325614441 6.799999999999999
  endloop
endfacet
facet normal 0.9048270524660195 0.42577929156507327 0.0
  outer loop
    vertex 278.6482977225701 54.772768394340815 6.799999999999999
    vertex 278.73117666437287 54.596644019538346 0.7500174059145207
    vertex 278.6482984653141 54.77276915773476 0.7500174059145207
  endloop
endfacet
facet normal -0.4817536741017162 -0.876306680043863 0.0
  outer loop
    vertex 286.7056520899227 56.314338565329386 6.799999999999999
    vertex 286.57909825515367 56.38391331686752 0.7500174632356593
    vertex 286.7056528840797 56.31433932085891 0.7500174632356593
  endloop
endfacet
facet normal -0.4817536741017162 -0.876306680043863 0.0
  outer loop
    vertex 286.57909825515367 56.38391331686752 0.7500174632356593
    vertex 286.7056520899227 56.314338565329386 6.799999999999999
    vertex 286.5790974609967 56.38391256133799 6.799999999999999
  endloop
endfacet
facet normal -0.951056516295154 0.30901699437494623 0.0
  outer loop
    vertex 287.2033219109948 55.05736808076248 6.799999999999999
    vertex 287.1586950286253 54.92001897094422 0.7500174632356593
    vertex 287.1586942344684 54.92001821541469 6.799999999999999
  endloop
endfacet
facet normal -0.951056516295154 0.30901699437494623 0.0
  outer loop
    vertex 287.1586950286253 54.92001897094422 0.7500174632356593
    vertex 287.2033219109948 55.05736808076248 6.799999999999999
    vertex 287.2033227051518 55.05736883629201 0.7500174632356593
  endloop
endfacet
facet normal -0.2486898871648558 -0.968583161128631 0.0
  outer loop
    vertex 286.444820819228 56.43707644474149 6.799999999999999
    vertex 286.3049405816274 56.47299254486958 0.7500174632356593
    vertex 286.44482161338505 56.43707720027102 0.7500174632356593
  endloop
endfacet
facet normal -0.2486898871648558 -0.968583161128631 0.0
  outer loop
    vertex 286.3049405816274 56.47299254486958 0.7500174632356593
    vertex 286.444820819228 56.43707644474149 6.799999999999999
    vertex 286.30493978747046 56.47299178934005 6.799999999999999
  endloop
endfacet
facet normal -0.9048270524660161 -0.42577929156508004 0.0
  outer loop
    vertex 287.0972039577473 55.89737817621904 6.799999999999999
    vertex 287.1586950286253 55.76670544211897 0.7500174632356593
    vertex 287.1586942344684 55.76670468658944 6.799999999999999
  endloop
endfacet
facet normal -0.9048270524660161 -0.42577929156508004 0.0
  outer loop
    vertex 287.1586950286253 55.76670544211897 0.7500174632356593
    vertex 287.0972039577473 55.89737817621904 6.799999999999999
    vertex 287.09720475190426 55.89737893174857 0.7500174632356593
  endloop
endfacet
facet normal -0.9048270524660158 0.42577929156508104 0.0
  outer loop
    vertex 287.1586942344684 54.92001821541469 6.799999999999999
    vertex 287.09720475190426 54.789345481314626 0.7500174632356593
    vertex 287.0972039577473 54.7893447257851 6.799999999999999
  endloop
endfacet
facet normal -0.9048270524660158 0.42577929156508104 0.0
  outer loop
    vertex 287.09720475190426 54.789345481314626 0.7500174632356593
    vertex 287.1586942344684 54.92001821541469 6.799999999999999
    vertex 287.1586950286253 54.92001897094422 0.7500174632356593
  endloop
endfacet
facet normal -0.9980267284282719 0.06279051952930986 0.0
  outer loop
    vertex 287.23945127569687 55.34336145100207 6.799999999999999
    vertex 287.2303839763655 55.19922898793264 0.7500174632356593
    vertex 287.2303831822085 55.19922823240312 6.799999999999999
  endloop
endfacet
facet normal -0.9980267284282719 0.06279051952930986 0.0
  outer loop
    vertex 287.2303839763655 55.19922898793264 0.7500174632356593
    vertex 287.23945127569687 55.34336145100207 6.799999999999999
    vertex 287.2394520698539 55.343362206531594 0.7500174632356593
  endloop
endfacet
facet normal -0.6845471059286918 -0.7289686274214086 0.0
  outer loop
    vertex 286.9277651972315 56.13059062282006 6.799999999999999
    vertex 286.82248965806485 56.22945243572376 0.7500174632356593
    vertex 286.92776599138847 56.130591378349585 0.7500174632356593
  endloop
endfacet
facet normal -0.6845471059286918 -0.7289686274214086 0.0
  outer loop
    vertex 286.82248965806485 56.22945243572376 0.7500174632356593
    vertex 286.9277651972315 56.13059062282006 6.799999999999999
    vertex 286.82248886390784 56.22945168019423 6.799999999999999
  endloop
endfacet
facet normal -0.9980267284282719 -0.06279051952930977 0.0
  outer loop
    vertex 287.2303831822085 55.48749466960102 6.799999999999999
    vertex 287.2394520698539 55.343362206531594 0.7500174632356593
    vertex 287.23945127569687 55.34336145100207 6.799999999999999
  endloop
endfacet
facet normal -0.9980267284282719 -0.06279051952930977 0.0
  outer loop
    vertex 287.2394520698539 55.343362206531594 0.7500174632356593
    vertex 287.2303831822085 55.48749466960102 6.799999999999999
    vertex 287.2303839763655 55.48749542513055 0.7500174632356593
  endloop
endfacet
facet normal -0.48175367410171566 0.8763066800438634 0.0
  outer loop
    vertex 280.74940917762274 53.94087951967974 6.799999999999999
    vertex 280.9199835506583 54.034653929867886 0.7500174059145207
    vertex 280.74940992036676 53.94088028307368 0.7500174059145207
  endloop
endfacet
facet normal -0.48175367410171566 0.8763066800438634 0.0
  outer loop
    vertex 280.9199835506583 54.034653929867886 0.7500174059145207
    vertex 280.74940917762274 53.94087951967974 6.799999999999999
    vertex 280.9199828079143 54.03465316647395 6.799999999999999
  endloop
endfacet
facet normal -0.368124552684677 0.9297764858882518 0.0
  outer loop
    vertex 280.56842761697806 53.86922385074458 6.799999999999999
    vertex 280.74940992036676 53.94088028307368 0.7500174059145207
    vertex 280.5684283597221 53.86922461413852 0.7500174059145207
  endloop
endfacet
facet normal -0.368124552684677 0.9297764858882518 0.0
  outer loop
    vertex 280.74940992036676 53.94088028307368 0.7500174059145207
    vertex 280.56842761697806 53.86922385074458 6.799999999999999
    vertex 280.74940917762274 53.94087951967974 6.799999999999999
  endloop
endfacet
facet normal -0.5877852522924721 0.8090169943749481 0.0
  outer loop
    vertex 280.9199828079143 54.03465316647395 6.799999999999999
    vertex 281.0774592025514 54.149066688093534 0.7500174059145207
    vertex 280.9199835506583 54.034653929867886 0.7500174059145207
  endloop
endfacet
facet normal -0.5877852522924721 0.8090169943749481 0.0
  outer loop
    vertex 281.0774592025514 54.149066688093534 0.7500174059145207
    vertex 280.9199828079143 54.03465316647395 6.799999999999999
    vertex 281.07745845980736 54.1490659246996 6.799999999999999
  endloop
endfacet
facet normal -0.9822872507286887 0.1873813145857248 0.0
  outer loop
    vertex 281.62722906273433 55.1490949389774 6.799999999999999
    vertex 281.59075591819027 54.957892889290484 0.7500174059145207
    vertex 281.59075517544625 54.95789212589655 6.799999999999999
  endloop
endfacet
facet normal -0.9822872507286887 0.1873813145857248 0.0
  outer loop
    vertex 281.59075591819027 54.957892889290484 0.7500174059145207
    vertex 281.62722906273433 55.1490949389774 6.799999999999999
    vertex 281.6272298054783 55.14909570237133 0.7500174059145207
  endloop
endfacet
facet normal -0.9980267284282717 0.06279051952931305 0.0
  outer loop
    vertex 281.6394512756969 55.34336145100207 6.799999999999999
    vertex 281.6272298054783 55.14909570237133 0.7500174059145207
    vertex 281.62722906273433 55.1490949389774 6.799999999999999
  endloop
endfacet
facet normal -0.9980267284282717 0.06279051952931305 0.0
  outer loop
    vertex 281.6272298054783 55.14909570237133 0.7500174059145207
    vertex 281.6394512756969 55.34336145100207 6.799999999999999
    vertex 281.63945201844086 55.34336221439601 0.7500174059145207
  endloop
endfacet
facet normal -0.9822872507286885 -0.1873813145857255 0.0
  outer loop
    vertex 281.59075517544625 55.72883077610759 6.799999999999999
    vertex 281.6272298054783 55.53762872642068 0.7500174059145207
    vertex 281.62722906273433 55.53762796302674 6.799999999999999
  endloop
endfacet
facet normal -0.9822872507286885 -0.1873813145857255 0.0
  outer loop
    vertex 281.6272298054783 55.53762872642068 0.7500174059145207
    vertex 281.59075517544625 55.72883077610759 6.799999999999999
    vertex 281.59075591819027 55.72883153950153 0.7500174059145207
  endloop
endfacet
facet normal -0.12533323356430576 0.9921147013144778 0.0
  outer loop
    vertex 280.1867765809673 53.79642002193825 6.799999999999999
    vertex 280.3798930560488 53.82081697576654 0.7500174059145207
    vertex 280.18677732371134 53.79642078533219 0.7500174059145207
  endloop
endfacet
facet normal -0.12533323356430576 0.9921147013144778 0.0
  outer loop
    vertex 280.3798930560488 53.82081697576654 0.7500174059145207
    vertex 280.1867765809673 53.79642002193825 6.799999999999999
    vertex 280.3798923133047 53.8208162123726 6.799999999999999
  endloop
endfacet
facet normal 0.12533323356430576 0.9921147013144778 0.0
  outer loop
    vertex 279.799010238089 53.8208162123726 6.799999999999999
    vertex 279.9921267131704 53.79642078533219 0.7500174059145207
    vertex 279.79901098083303 53.82081697576654 0.7500174059145207
  endloop
endfacet
facet normal 0.12533323356430576 0.9921147013144778 0.0
  outer loop
    vertex 279.9921267131704 53.79642078533219 0.7500174059145207
    vertex 279.799010238089 53.8208162123726 6.799999999999999
    vertex 279.99212597042646 53.79642002193825 6.799999999999999
  endloop
endfacet
facet normal -0.2486898871648554 0.968583161128631 0.0
  outer loop
    vertex 280.3798923133047 53.8208162123726 6.799999999999999
    vertex 280.5684283597221 53.86922461413852 0.7500174059145207
    vertex 280.3798930560488 53.82081697576654 0.7500174059145207
  endloop
endfacet
facet normal -0.2486898871648554 0.968583161128631 0.0
  outer loop
    vertex 280.5684283597221 53.86922461413852 0.7500174059145207
    vertex 280.3798923133047 53.8208162123726 6.799999999999999
    vertex 280.56842761697806 53.86922385074458 6.799999999999999
  endloop
endfacet
facet normal 0.48175367410171527 0.8763066800438637 0.0
  outer loop
    vertex 279.25891974347945 54.03465316647395 6.799999999999999
    vertex 279.429494116515 53.94088028307368 0.7500174059145207
    vertex 279.2589204862235 54.034653929867886 0.7500174059145207
  endloop
endfacet
facet normal 0.48175367410171527 0.8763066800438637 0.0
  outer loop
    vertex 279.429494116515 53.94088028307368 0.7500174059145207
    vertex 279.25891974347945 54.03465316647395 6.799999999999999
    vertex 279.429493373771 53.94087951967974 6.799999999999999
  endloop
endfacet
facet normal 0.2486898871648554 0.968583161128631 0.0
  outer loop
    vertex 279.6104749344157 53.86922385074458 6.799999999999999
    vertex 279.79901098083303 53.82081697576654 0.7500174059145207
    vertex 279.61047567715974 53.86922461413852 0.7500174059145207
  endloop
endfacet
facet normal 0.2486898871648554 0.968583161128631 0.0
  outer loop
    vertex 279.79901098083303 53.82081697576654 0.7500174059145207
    vertex 279.6104749344157 53.86922385074458 6.799999999999999
    vertex 279.799010238089 53.8208162123726 6.799999999999999
  endloop
endfacet
facet normal 0.368124552684677 0.9297764858882518 0.0
  outer loop
    vertex 279.429493373771 53.94087951967974 6.799999999999999
    vertex 279.61047567715974 53.86922461413852 0.7500174059145207
    vertex 279.429494116515 53.94088028307368 0.7500174059145207
  endloop
endfacet
facet normal 0.368124552684677 0.9297764858882518 0.0
  outer loop
    vertex 279.61047567715974 53.86922461413852 0.7500174059145207
    vertex 279.429493373771 53.94087951967974 6.799999999999999
    vertex 279.6104749344157 53.86922385074458 6.799999999999999
  endloop
endfacet
facet normal -0.8443279255020153 -0.5358267949789965 0.0
  outer loop
    vertex 281.34342761697803 56.2544285920554 6.799999999999999
    vertex 281.4477273725089 56.090080409253666 0.7500174059145207
    vertex 281.4477266297649 56.09007964585973 6.799999999999999
  endloop
endfacet
facet normal -0.8443279255020153 -0.5358267949789965 0.0
  outer loop
    vertex 281.4477273725089 56.090080409253666 0.7500174059145207
    vertex 281.34342761697803 56.2544285920554 6.799999999999999
    vertex 281.34342835972205 56.25442935544934 0.7500174059145207
  endloop
endfacet
facet normal 0.9510565162951544 -0.3090169943749449 0.0
  outer loop
    vertex 289.3436697704627 37.05492627213522 0.7500174632356593
    vertex 289.4794923396471 37.47294684592508 4.25
    vertex 289.34366897630576 37.05492551660569 4.25
  endloop
endfacet
facet normal 0.9510565162951544 -0.3090169943749449 0.0
  outer loop
    vertex 289.4794923396471 37.47294684592508 4.25
    vertex 289.3436697704627 37.05492627213522 0.7500174632356593
    vertex 289.47949313380406 37.47294760145461 0.7500174632356593
  endloop
endfacet
facet normal -0.9048270524660198 -0.4257792915650725 0.0
  outer loop
    vertex 281.4477266297649 56.09007964585973 6.799999999999999
    vertex 281.5306055715677 55.91395527105726 0.7500174059145207
    vertex 281.5306048288237 55.91395450766332 6.799999999999999
  endloop
endfacet
facet normal -0.9048270524660198 -0.4257792915650725 0.0
  outer loop
    vertex 281.5306055715677 55.91395527105726 0.7500174059145207
    vertex 281.4477266297649 56.09007964585973 6.799999999999999
    vertex 281.4477273725089 56.090080409253666 0.7500174059145207
  endloop
endfacet
facet normal 0.9822872507286885 -0.18738131458572577 0.0
  outer loop
    vertex 289.47949313380406 37.47294760145461 0.7500174632356593
    vertex 289.5618527302975 37.904695133527 4.25
    vertex 289.4794923396471 37.47294684592508 4.25
  endloop
endfacet
facet normal 0.9822872507286885 -0.18738131458572577 0.0
  outer loop
    vertex 289.5618527302975 37.904695133527 4.25
    vertex 289.47949313380406 37.47294760145461 0.7500174632356593
    vertex 289.56185352445453 37.904695889056526 0.7500174632356593
  endloop
endfacet
facet normal -0.7705132427757891 -0.6374239897486897 0.0
  outer loop
    vertex 281.2193526482001 56.40440946519154 6.799999999999999
    vertex 281.34342835972205 56.25442935544934 0.7500174059145207
    vertex 281.34342761697803 56.2544285920554 6.799999999999999
  endloop
endfacet
facet normal -0.7705132427757891 -0.6374239897486897 0.0
  outer loop
    vertex 281.34342835972205 56.25442935544934 0.7500174059145207
    vertex 281.2193526482001 56.40440946519154 6.799999999999999
    vertex 281.2193533909441 56.404410228585476 0.7500174059145207
  endloop
endfacet
facet normal -0.9510565162951536 -0.3090169943749474 0.0
  outer loop
    vertex 281.5306048288237 55.91395450766332 6.799999999999999
    vertex 281.59075591819027 55.72883153950153 0.7500174059145207
    vertex 281.59075517544625 55.72883077610759 6.799999999999999
  endloop
endfacet
facet normal -0.9510565162951536 -0.3090169943749474 0.0
  outer loop
    vertex 281.59075591819027 55.72883153950153 0.7500174059145207
    vertex 281.5306048288237 55.91395450766332 6.799999999999999
    vertex 281.5306055715677 55.91395527105726 0.7500174059145207
  endloop
endfacet
facet normal -0.9980267284282717 -0.06279051952931294 0.0
  outer loop
    vertex 281.62722906273433 55.53762796302674 6.799999999999999
    vertex 281.63945201844086 55.34336221439601 0.7500174059145207
    vertex 281.6394512756969 55.34336145100207 6.799999999999999
  endloop
endfacet
facet normal -0.9980267284282717 -0.06279051952931294 0.0
  outer loop
    vertex 281.63945201844086 55.34336221439601 0.7500174059145207
    vertex 281.62722906273433 55.53762796302674 6.799999999999999
    vertex 281.6272298054783 55.53762872642068 0.7500174059145207
  endloop
endfacet
facet normal 0.5877852522924734 0.8090169943749473 0.0
  outer loop
    vertex 279.1014440915864 54.1490659246996 6.799999999999999
    vertex 279.2589204862235 54.034653929867886 0.7500174059145207
    vertex 279.10144483433044 54.149066688093534 0.7500174059145207
  endloop
endfacet
facet normal 0.5877852522924734 0.8090169943749473 0.0
  outer loop
    vertex 279.2589204862235 54.034653929867886 0.7500174059145207
    vertex 279.1014440915864 54.1490659246996 6.799999999999999
    vertex 279.25891974347945 54.03465316647395 6.799999999999999
  endloop
endfacet
facet normal -0.6845471059286892 0.7289686274214111 0.0
  outer loop
    vertex 281.07745845980736 54.1490659246996 6.799999999999999
    vertex 281.2193533909441 54.282314200206535 0.7500174059145207
    vertex 281.0774592025514 54.149066688093534 0.7500174059145207
  endloop
endfacet
facet normal -0.6845471059286892 0.7289686274214111 0.0
  outer loop
    vertex 281.2193533909441 54.282314200206535 0.7500174059145207
    vertex 281.07745845980736 54.1490659246996 6.799999999999999
    vertex 281.2193526482001 54.2823134368126 6.799999999999999
  endloop
endfacet
facet normal -0.6845471059286881 -0.7289686274214121 0.0
  outer loop
    vertex 281.2193526482001 56.40440946519154 6.799999999999999
    vertex 281.0774592025514 56.537657740698485 0.7500174059145207
    vertex 281.2193533909441 56.404410228585476 0.7500174059145207
  endloop
endfacet
facet normal -0.6845471059286881 -0.7289686274214121 0.0
  outer loop
    vertex 281.0774592025514 56.537657740698485 0.7500174059145207
    vertex 281.2193526482001 56.40440946519154 6.799999999999999
    vertex 281.07745845980736 56.53765697730454 6.799999999999999
  endloop
endfacet
facet normal 0.9048270524660175 -0.42577929156507727 0.0
  outer loop
    vertex 289.15652545000734 36.65722434717559 0.7500174632356593
    vertex 289.34366897630576 37.05492551660569 4.25
    vertex 289.15652465585043 36.657223591646066 4.25
  endloop
endfacet
facet normal 0.9048270524660175 -0.42577929156507727 0.0
  outer loop
    vertex 289.34366897630576 37.05492551660569 4.25
    vertex 289.15652545000734 36.65722434717559 0.7500174632356593
    vertex 289.3436697704627 37.05492627213522 0.7500174632356593
  endloop
endfacet
facet normal 0.5877852522924712 -0.809016994374949 0.0
  outer loop
    vertex 288.3204352398173 35.646565101286804 4.25
    vertex 287.9648458522803 35.388214467274544 0.7500174632356593
    vertex 288.32043603397426 35.64656585681633 0.7500174632356593
  endloop
endfacet
facet normal 0.5877852522924712 -0.809016994374949 0.0
  outer loop
    vertex 287.9648458522803 35.388214467274544 0.7500174632356593
    vertex 288.3204352398173 35.646565101286804 4.25
    vertex 287.96484505812333 35.38821371174502 4.25
  endloop
endfacet
facet normal 0.9980267284282717 -0.06279051952931212 0.0
  outer loop
    vertex 289.56185352445453 37.904695889056526 0.7500174632356593
    vertex 289.5894512756969 38.34336145100207 4.25
    vertex 289.5618527302975 37.904695133527 4.25
  endloop
endfacet
facet normal 0.9980267284282717 -0.06279051952931212 0.0
  outer loop
    vertex 289.5894512756969 38.34336145100207 4.25
    vertex 289.56185352445453 37.904695889056526 0.7500174632356593
    vertex 289.5894520698538 38.343362206531594 0.7500174632356593
  endloop
endfacet
facet normal 0.7705132427757878 -0.6374239897486914 0.0
  outer loop
    vertex 288.6408422658288 35.947447335781185 0.7500174632356593
    vertex 288.9210107560092 36.28611306797841 4.25
    vertex 288.6408414716718 35.94744658025166 4.25
  endloop
endfacet
facet normal 0.7705132427757878 -0.6374239897486914 0.0
  outer loop
    vertex 288.9210107560092 36.28611306797841 4.25
    vertex 288.6408422658288 35.947447335781185 0.7500174632356593
    vertex 288.92101155016616 36.28611382350794 0.7500174632356593
  endloop
endfacet
facet normal 0.684547105928691 -0.7289686274214093 0.0
  outer loop
    vertex 288.6408414716718 35.94744658025166 4.25
    vertex 288.32043603397426 35.64656585681633 0.7500174632356593
    vertex 288.6408422658288 35.947447335781185 0.7500174632356593
  endloop
endfacet
facet normal 0.684547105928691 -0.7289686274214093 0.0
  outer loop
    vertex 288.32043603397426 35.64656585681633 0.7500174632356593
    vertex 288.6408414716718 35.94744658025166 4.25
    vertex 288.3204352398173 35.646565101286804 4.25
  endloop
endfacet
facet normal 0.8443279255020156 -0.5358267949789959 0.0
  outer loop
    vertex 288.92101155016616 36.28611382350794 0.7500174632356593
    vertex 289.15652465585043 36.657223591646066 4.25
    vertex 288.9210107560092 36.28611306797841 4.25
  endloop
endfacet
facet normal 0.8443279255020156 -0.5358267949789959 0.0
  outer loop
    vertex 289.15652465585043 36.657223591646066 4.25
    vertex 288.92101155016616 36.28611382350794 0.7500174632356593
    vertex 289.15652545000734 36.65722434717559 0.7500174632356593
  endloop
endfacet
facet normal 0.999992639052403 -0.00031020643595963844 0.003824344777551753
  outer loop
    vertex 289.5894513228785 54.00394506034404 1.2499999999999978
    vertex 289.5761130977778 53.96289437843453 3.0
    vertex 289.586671930006 44.851348492666176 1.249985451105852
  endloop
endfacet
facet normal 0.999992639052403 -0.00031020643595963844 0.003824344777551753
  outer loop
    vertex 289.5761130977778 53.96289437843453 3.0
    vertex 289.5894513228785 54.00394506034404 1.2499999999999978
    vertex 289.5894512756969 54.00394506903192 3.0
  endloop
endfacet
facet normal 0.9999994974996387 0.000834172275401206 0.0005560189611717242
  outer loop
    vertex 289.5866726769813 44.85134925688359 0.7500029143415136
    vertex 289.586671930006 44.851348492666176 1.249985451105852
    vertex 289.5894520698538 38.343362206531594 0.7500174632356593
  endloop
endfacet
facet normal 0.9999994974996387 0.000834172275401206 0.0005560189611717242
  outer loop
    vertex 289.5894520698538 38.343362206531594 0.7500174632356593
    vertex 289.5761130977778 53.96289437843453 4.25
    vertex 289.5894512756969 38.34336145100207 4.25
  endloop
endfacet
facet normal 0.9999994974996387 0.000834172275401206 0.0005560189611717242
  outer loop
    vertex 289.5761130977778 53.96289437843453 4.25
    vertex 289.5894520698538 38.343362206531594 0.7500174632356593
    vertex 289.586671930006 44.851348492666176 1.249985451105852
  endloop
endfacet
facet normal 0.9999994974996387 0.000834172275401206 0.0005560189611717242
  outer loop
    vertex 289.5761130977778 53.96289437843453 4.25
    vertex 289.586671930006 44.851348492666176 1.249985451105852
    vertex 289.5761130977778 53.96289437843453 3.0
  endloop
endfacet
facet normal 0.5804767521557068 -0.8142768203791402 3.829156880698317e-09
  outer loop
    vertex 287.9648458522803 35.388214467274544 0.7500174632356593
    vertex 284.0881842078448 32.62464306815959 1.2498937036477082
    vertex 284.08818495482006 32.624643832377004 0.7499111668833698
  endloop
endfacet
facet normal 0.5804767521557068 -0.8142768203791402 3.829156880698317e-09
  outer loop
    vertex 284.0881842078448 32.62464306815959 1.2498937036477082
    vertex 287.9648458522803 35.388214467274544 0.7500174632356593
    vertex 287.96484505812333 35.38821371174502 4.25
  endloop
endfacet
facet normal 0.5804767521557068 -0.8142768203791402 3.829156880698317e-09
  outer loop
    vertex 284.0881842078448 32.62464306815959 1.2498937036477082
    vertex 287.96484505812333 35.38821371174502 4.25
    vertex 284.0881842078448 32.62464306815959 4.249788593569298
  endloop
endfacet
facet normal -0.9999999999984495 -1.8519256240791623e-07 -1.7513280691225578e-06
  outer loop
    vertex 281.0877516027767 24.40535631989537 5.655836159151977
    vertex 281.0877516027767 24.35026814794683 4.780234739749343
    vertex 281.0877516027767 24.35026814794683 5.219768376454538
  endloop
endfacet
facet normal -0.9999999999984495 -1.8519256240791623e-07 -1.7513280691225578e-06
  outer loop
    vertex 281.0877516027767 24.35026814794683 4.780234739749343
    vertex 281.0877516027767 24.40535631989537 5.655836159151977
    vertex 281.0877516027767 24.40535631989537 4.344166957051904
  endloop
endfacet
facet normal -0.9999999999984495 -1.8519256240791623e-07 -1.7513280691225578e-06
  outer loop
    vertex 281.0877516027767 24.40535631989537 4.344166957051904
    vertex 281.0877516027767 24.40535631989537 5.655836159151977
    vertex 281.0877516027767 24.514663890412745 6.081561038414256
  endloop
endfacet
facet normal -0.9999999999984495 -1.8519256240791623e-07 -1.7513280691225578e-06
  outer loop
    vertex 281.0877516027767 24.40535631989537 4.344166957051904
    vertex 281.0877516027767 24.514663890412745 6.081561038414256
    vertex 281.0877516027767 24.514663890412745 3.9184420777896243
  endloop
endfacet
facet normal -0.9999999999984495 -1.8519256240791623e-07 -1.7513280691225578e-06
  outer loop
    vertex 281.0877516027767 24.514663890412745 3.9184420777896243
    vertex 281.0877516027767 24.514663890412745 6.081561038414256
    vertex 281.0877516027767 24.67646701381471 6.490229078579692
  endloop
endfacet
facet normal -0.9999999999984495 -1.8519256240791623e-07 -1.7513280691225578e-06
  outer loop
    vertex 281.0877516027767 24.514663890412745 3.9184420777896243
    vertex 281.0877516027767 24.67646701381471 6.490229078579692
    vertex 281.0877516027767 24.67646701381471 3.509774037624187
  endloop
endfacet
facet normal -0.9999999999984495 -1.8519256240791623e-07 -1.7513280691225578e-06
  outer loop
    vertex 281.0877516027767 24.67646701381471 3.509774037624187
    vertex 281.0877516027767 24.67646701381471 6.490229078579692
    vertex 281.0877516027767 24.88821395818873 6.875395340528428
  endloop
endfacet
facet normal -0.9999999999984495 -1.8519256240791623e-07 -1.7513280691225578e-06
  outer loop
    vertex 281.0877516027767 24.67646701381471 3.509774037624187
    vertex 281.0877516027767 24.88821395818873 6.875395340528428
    vertex 281.0877516027767 24.88821395818873 3.1246077756754524
  endloop
endfacet
facet normal -0.9999999999984495 -1.8519256240791623e-07 -1.7513280691225578e-06
  outer loop
    vertex 281.0877516027767 24.88821395818873 3.1246077756754524
    vertex 281.0877516027767 24.88821395818873 6.875395340528428
    vertex 281.0877516027767 25.14656534773052 7.230985522222353
  endloop
endfacet
facet normal -0.9999999999984495 -1.8519256240791623e-07 -1.7513280691225578e-06
  outer loop
    vertex 281.0877516027767 24.88821395818873 3.1246077756754524
    vertex 281.0877516027767 25.14656534773052 7.230985522222353
    vertex 281.0877516027767 25.14656534773052 2.7690175939815243
  endloop
endfacet
facet normal -0.9999999999984495 -1.8519256240791623e-07 -1.7513280691225578e-06
  outer loop
    vertex 281.0877516027767 25.14656534773052 2.7690175939815243
    vertex 281.0877516027767 25.14656534773052 7.230985522222353
    vertex 281.0877516027767 25.447446826695355 7.55139175407688
  endloop
endfacet
facet normal -0.9999999999984495 -1.8519256240791623e-07 -1.7513280691225578e-06
  outer loop
    vertex 281.0877516027767 25.14656534773052 2.7690175939815243
    vertex 281.0877516027767 25.447446826695355 7.55139175407688
    vertex 281.08779783278237 26.346475781315103 1.2499946262209451
  endloop
endfacet
facet normal -0.9999999999984495 -1.8519256240791623e-07 -1.7513280691225578e-06
  outer loop
    vertex 281.08779783278237 26.346475781315103 1.2499946262209451
    vertex 281.0877516027767 25.447446826695355 7.55139175407688
    vertex 281.0877516027767 25.786113314422114 7.831561038414257
  endloop
endfacet
facet normal -0.9999999999984495 -1.8519256240791623e-07 -1.7513280691225578e-06
  outer loop
    vertex 281.08779783278237 26.346475781315103 1.2499946262209451
    vertex 281.0877516027767 25.786113314422114 7.831561038414257
    vertex 281.0877516027767 26.157223838089763 8.06707493825546
  endloop
endfacet
facet normal -0.9999999999984495 -1.8519256240791623e-07 -1.7513280691225578e-06
  outer loop
    vertex 281.08779783278237 26.346475781315103 1.2499946262209451
    vertex 281.0877516027767 26.157223838089763 8.06707493825546
    vertex 281.0877516027767 26.396222941224774 5.091047811419445
  endloop
endfacet
facet normal -0.9999999999984495 -1.8519256240791623e-07 -1.7513280691225578e-06
  outer loop
    vertex 281.0877516027767 26.396222941224774 5.091047811419445
    vertex 281.0877516027767 26.157223838089763 8.06707493825546
    vertex 281.0877516027767 26.554925763049393 8.25421925871082
  endloop
endfacet
facet normal -0.9999999999984495 -1.8519256240791623e-07 -1.7513280691225578e-06
  outer loop
    vertex 281.08779783278237 26.346475781315103 1.2499946262209451
    vertex 281.0877516027767 26.396222941224774 5.091047811419445
    vertex 281.08779857975765 26.34647654553251 0.7500120894566068
  endloop
endfacet
facet normal -0.9999999999984495 -1.8519256240791623e-07 -1.7513280691225578e-06
  outer loop
    vertex 281.0877516027767 26.396222941224774 5.091047811419445
    vertex 281.0877516027767 26.554925763049393 8.25421925871082
    vertex 281.0877516027767 26.41904518388917 5.271704464251241
  endloop
endfacet
facet normal -0.9999999999984495 -1.8519256240791623e-07 -1.7513280691225578e-06
  outer loop
    vertex 281.0877516027767 26.41904518388917 5.271704464251241
    vertex 281.0877516027767 26.554925763049393 8.25421925871082
    vertex 281.0877516027767 26.464329748817796 5.448076199945613
  endloop
endfacet
facet normal -0.9999999999984495 -1.8519256240791623e-07 -1.7513280691225578e-06
  outer loop
    vertex 281.0877516027767 26.464329748817796 5.448076199945613
    vertex 281.0877516027767 26.554925763049393 8.25421925871082
    vertex 281.0877516027767 26.531362471370038 5.617381530871295
  endloop
endfacet
facet normal -0.9999999999984495 -1.8519256240791623e-07 -1.7513280691225578e-06
  outer loop
    vertex 281.0877516027767 26.531362471370038 5.617381530871295
    vertex 281.0877516027767 26.554925763049393 8.25421925871082
    vertex 281.0877516027767 26.61908620546785 5.7769504108214855
  endloop
endfacet
facet normal -0.9999999999984495 -1.8519256240791623e-07 -1.7513280691225578e-06
  outer loop
    vertex 281.0877516027767 26.61908620546785 5.7769504108214855
    vertex 281.0877516027767 26.554925763049393 8.25421925871082
    vertex 281.0877516027767 26.972947092368774 8.39004262205215
  endloop
endfacet
facet normal -0.9999999999984495 -1.8519256240791623e-07 -1.7513280691225578e-06
  outer loop
    vertex 281.0877516027767 26.61908620546785 5.7769504108214855
    vertex 281.0877516027767 26.972947092368774 8.39004262205215
    vertex 281.0877516027767 26.726117495420873 5.92426634323754
  endloop
endfacet
facet normal -0.9999999999984495 -1.8519256240791623e-07 -1.7513280691225578e-06
  outer loop
    vertex 281.0877516027767 26.726117495420873 5.92426634323754
    vertex 281.0877516027767 26.972947092368774 8.39004262205215
    vertex 281.0877516027767 26.850768393849165 6.057006067862987
  endloop
endfacet
facet normal -0.9999999999984495 -1.8519256240791623e-07 -1.7513280691225578e-06
  outer loop
    vertex 281.0877516027767 26.850768393849165 6.057006067862987
    vertex 281.0877516027767 26.972947092368774 8.39004262205215
    vertex 281.0877516027767 26.99107308162168 6.173076199945614
  endloop
endfacet
facet normal -0.9999999999984495 -1.8519256240791623e-07 -1.7513280691225578e-06
  outer loop
    vertex 281.0877516027767 26.99107308162168 6.173076199945614
    vertex 281.0877516027767 26.972947092368774 8.39004262205215
    vertex 281.0877516027767 27.4046953799707 8.472403012702614
  endloop
endfacet
facet normal -0.9999999999984495 -1.8519256240791623e-07 -1.7513280691225578e-06
  outer loop
    vertex 281.0877516027767 26.99107308162168 6.173076199945614
    vertex 281.0877516027767 27.4046953799707 8.472403012702614
    vertex 281.0877516027767 27.14481886999828 6.270646244165542
  endloop
endfacet
facet normal -0.9999999999984495 -1.8519256240791623e-07 -1.7513280691225578e-06
  outer loop
    vertex 281.0877516027767 27.14481886999828 6.270646244165542
    vertex 281.0877516027767 27.4046953799707 8.472403012702614
    vertex 281.0877516027767 27.309581096052984 6.348177462639906
  endloop
endfacet
facet normal -0.9999999999984495 -1.8519256240791623e-07 -1.7513280691225578e-06
  outer loop
    vertex 281.0877516027767 27.309581096052984 6.348177462639906
    vertex 281.0877516027767 27.4046953799707 8.472403012702614
    vertex 281.0877516027767 27.482761361056724 6.404447141738455
  endloop
endfacet
facet normal -0.9999999999984495 -1.8519256240791623e-07 -1.7513280691225578e-06
  outer loop
    vertex 281.0877516027767 27.482761361056724 6.404447141738455
    vertex 281.0877516027767 27.4046953799707 8.472403012702614
    vertex 281.0877516027767 27.843361697445765 8.50000155810194
  endloop
endfacet
facet normal -0.9999999999984495 -1.8519256240791623e-07 -1.7513280691225578e-06
  outer loop
    vertex 281.0877516027767 27.482761361056724 6.404447141738455
    vertex 281.0877516027767 27.843361697445765 8.50000155810194
    vertex 281.0877516027767 27.661628508777525 6.438567875007933
  endloop
endfacet
facet normal -0.9999999999984495 -1.8519256240791623e-07 -1.7513280691225578e-06
  outer loop
    vertex 281.0877516027767 27.661628508777525 6.438567875007933
    vertex 281.0877516027767 27.843361697445765 8.50000155810194
    vertex 281.0877516027767 27.843361697445765 6.450001558101939
  endloop
endfacet
facet normal -0.9999999999984495 -1.8519256240791623e-07 -1.7513280691225578e-06
  outer loop
    vertex 281.0877516027767 27.843361697445765 6.450001558101939
    vertex 281.0877516027767 27.843361697445765 8.50000155810194
    vertex 281.0877516027767 28.282028014920833 8.472403012702614
  endloop
endfacet
facet normal -0.9999999999984495 -1.8519256240791623e-07 -1.7513280691225578e-06
  outer loop
    vertex 281.0877516027767 27.843361697445765 6.450001558101939
    vertex 281.0877516027767 28.282028014920833 8.472403012702614
    vertex 281.0877516027767 28.025094886114008 6.438567875007933
  endloop
endfacet
facet normal -0.9999999999984495 -1.8519256240791623e-07 -1.7513280691225578e-06
  outer loop
    vertex 281.0877516027767 28.025094886114008 6.438567875007933
    vertex 281.0877516027767 28.282028014920833 8.472403012702614
    vertex 281.0877516027767 28.20396203383481 6.404447141738455
  endloop
endfacet
facet normal -0.9999999999984495 -1.8519256240791623e-07 -1.7513280691225578e-06
  outer loop
    vertex 281.0877516027767 28.20396203383481 6.404447141738455
    vertex 281.0877516027767 28.282028014920833 8.472403012702614
    vertex 281.0877516027767 28.37714229883855 6.348177462639906
  endloop
endfacet
facet normal -0.9999999999984495 -1.8519256240791623e-07 -1.7513280691225578e-06
  outer loop
    vertex 281.0877516027767 28.37714229883855 6.348177462639906
    vertex 281.0877516027767 28.282028014920833 8.472403012702614
    vertex 281.0877516027767 28.713776302522756 8.39004262205215
  endloop
endfacet
facet normal -0.9999999999984495 -1.8519256240791623e-07 -1.7513280691225578e-06
  outer loop
    vertex 281.0877516027767 28.37714229883855 6.348177462639906
    vertex 281.0877516027767 28.713776302522756 8.39004262205215
    vertex 281.0877516027767 28.541904524893255 6.270646244165542
  endloop
endfacet
facet normal -0.9999999999984495 -1.8519256240791623e-07 -1.7513280691225578e-06
  outer loop
    vertex 281.0877516027767 28.541904524893255 6.270646244165542
    vertex 281.0877516027767 28.713776302522756 8.39004262205215
    vertex 281.0877516027767 28.695650313269855 6.173076199945614
  endloop
endfacet
facet normal -0.9999999999984495 -1.8519256240791623e-07 -1.7513280691225578e-06
  outer loop
    vertex 281.0877516027767 28.695650313269855 6.173076199945614
    vertex 281.0877516027767 28.713776302522756 8.39004262205215
    vertex 281.0877516027767 28.835955001042368 6.057006067862987
  endloop
endfacet
facet normal -0.9999999999984495 -1.8519256240791623e-07 -1.7513280691225578e-06
  outer loop
    vertex 281.0877516027767 28.835955001042368 6.057006067862987
    vertex 281.0877516027767 28.713776302522756 8.39004262205215
    vertex 281.0877516027767 29.131797631842137 8.25421925871082
  endloop
endfacet
facet normal -0.9999999999984495 -1.8519256240791623e-07 -1.7513280691225578e-06
  outer loop
    vertex 281.0877516027767 28.835955001042368 6.057006067862987
    vertex 281.0877516027767 29.131797631842137 8.25421925871082
    vertex 281.0877516027767 28.96060589947066 5.92426634323754
  endloop
endfacet
facet normal -0.9999999999984495 -1.8519256240791623e-07 -1.7513280691225578e-06
  outer loop
    vertex 281.0877516027767 28.96060589947066 5.92426634323754
    vertex 281.0877516027767 29.131797631842137 8.25421925871082
    vertex 281.0877516027767 29.067637189423685 5.7769504108214855
  endloop
endfacet
facet normal -0.9999999999984495 -1.8519256240791623e-07 -1.7513280691225578e-06
  outer loop
    vertex 281.0877516027767 29.067637189423685 5.7769504108214855
    vertex 281.0877516027767 29.131797631842137 8.25421925871082
    vertex 281.0877516027767 29.155360923521496 5.617381530871295
  endloop
endfacet
facet normal -0.9999999999984495 -1.8519256240791623e-07 -1.7513280691225578e-06
  outer loop
    vertex 281.0877516027767 29.155360923521496 5.617381530871295
    vertex 281.0877516027767 29.131797631842137 8.25421925871082
    vertex 281.0877516027767 29.52949955680177 8.06707493825546
  endloop
endfacet
facet normal -0.9999999999984495 -1.8519256240791623e-07 -1.7513280691225578e-06
  outer loop
    vertex 281.0877516027767 29.155360923521496 5.617381530871295
    vertex 281.0877516027767 29.52949955680177 8.06707493825546
    vertex 281.0877516027767 29.222393646073737 5.448076199945613
  endloop
endfacet
facet normal -0.9999999999984495 -1.8519256240791623e-07 -1.7513280691225578e-06
  outer loop
    vertex 281.0877516027767 29.222393646073737 5.448076199945613
    vertex 281.0877516027767 29.52949955680177 8.06707493825546
    vertex 281.0877516027767 29.267678211002366 5.271704464251241
  endloop
endfacet
facet normal -0.9999999999984495 -1.8519256240791623e-07 -1.7513280691225578e-06
  outer loop
    vertex 281.0877516027767 29.267678211002366 5.271704464251241
    vertex 281.0877516027767 29.52949955680177 8.06707493825546
    vertex 281.0877516027767 29.29050045366676 5.091047811419445
  endloop
endfacet
facet normal -0.9999999999984495 -1.8519256240791623e-07 -1.7513280691225578e-06
  outer loop
    vertex 281.0877516027767 29.29050045366676 5.091047811419445
    vertex 281.0877516027767 29.52949955680177 8.06707493825546
    vertex 281.0877516027767 29.29050045366676 4.908955304784436
  endloop
endfacet
facet normal -0.9999999999984495 -1.8519256240791623e-07 -1.7513280691225578e-06
  outer loop
    vertex 281.08779857975765 26.34647654553251 0.7500120894566068
    vertex 281.0877516027767 27.661628508777525 3.561435241195948
    vertex 281.0877571895667 44.938272324188674 0.7500189640238961
  endloop
endfacet
facet normal -0.9999999999984495 -1.8519256240791623e-07 -1.7513280691225578e-06
  outer loop
    vertex 281.0877516027767 27.661628508777525 3.561435241195948
    vertex 281.08779857975765 26.34647654553251 0.7500120894566068
    vertex 281.0877516027767 27.48276136105673 3.5955559744654253
  endloop
endfacet
facet normal -0.9999999999984495 -1.8519256240791623e-07 -1.7513280691225578e-06
  outer loop
    vertex 281.0877516027767 27.48276136105673 3.5955559744654253
    vertex 281.08779857975765 26.34647654553251 0.7500120894566068
    vertex 281.0877516027767 27.309581096052984 3.651825653563977
  endloop
endfacet
facet normal -0.9999999999984495 -1.8519256240791623e-07 -1.7513280691225578e-06
  outer loop
    vertex 281.0877516027767 27.309581096052984 3.651825653563977
    vertex 281.08779857975765 26.34647654553251 0.7500120894566068
    vertex 281.0877516027767 27.14481886999828 3.729356872038338
  endloop
endfacet
facet normal -0.9999999999984495 -1.8519256240791623e-07 -1.7513280691225578e-06
  outer loop
    vertex 281.0877516027767 27.14481886999828 3.729356872038338
    vertex 281.08779857975765 26.34647654553251 0.7500120894566068
    vertex 281.0877516027767 26.99107308162168 3.8269269162582664
  endloop
endfacet
facet normal -0.9999999999984495 -1.8519256240791623e-07 -1.7513280691225578e-06
  outer loop
    vertex 281.0877516027767 26.99107308162168 3.8269269162582664
    vertex 281.08779857975765 26.34647654553251 0.7500120894566068
    vertex 281.0877516027767 26.850768393849165 3.942997048340894
  endloop
endfacet
facet normal -0.9999999999984495 -1.8519256240791623e-07 -1.7513280691225578e-06
  outer loop
    vertex 281.0877516027767 26.850768393849165 3.942997048340894
    vertex 281.08779857975765 26.34647654553251 0.7500120894566068
    vertex 281.0877516027767 26.726117495420873 4.07573677296634
  endloop
endfacet
facet normal -0.9999999999984495 -1.8519256240791623e-07 -1.7513280691225578e-06
  outer loop
    vertex 281.0877516027767 26.726117495420873 4.07573677296634
    vertex 281.08779857975765 26.34647654553251 0.7500120894566068
    vertex 281.0877516027767 26.61908620546784 4.223052705382395
  endloop
endfacet
facet normal -0.9999999999984495 -1.8519256240791623e-07 -1.7513280691225578e-06
  outer loop
    vertex 281.0877516027767 26.61908620546784 4.223052705382395
    vertex 281.08779857975765 26.34647654553251 0.7500120894566068
    vertex 281.0877516027767 26.531362471370038 4.382621585332585
  endloop
endfacet
facet normal -0.9999999999984495 -1.8519256240791623e-07 -1.7513280691225578e-06
  outer loop
    vertex 281.0877516027767 26.531362471370038 4.382621585332585
    vertex 281.08779857975765 26.34647654553251 0.7500120894566068
    vertex 281.0877516027767 26.464329748817796 4.5519269162582665
  endloop
endfacet
facet normal -0.9999999999984495 -1.8519256240791623e-07 -1.7513280691225578e-06
  outer loop
    vertex 281.0877516027767 26.464329748817796 4.5519269162582665
    vertex 281.08779857975765 26.34647654553251 0.7500120894566068
    vertex 281.0877516027767 26.41904518388917 4.72829865195264
  endloop
endfacet
facet normal -0.9999999999984495 -1.8519256240791623e-07 -1.7513280691225578e-06
  outer loop
    vertex 281.0877516027767 26.41904518388917 4.72829865195264
    vertex 281.08779857975765 26.34647654553251 0.7500120894566068
    vertex 281.0877516027767 26.396222941224774 4.908955304784435
  endloop
endfacet
facet normal -0.9999999999984495 -1.8519256240791623e-07 -1.7513280691225578e-06
  outer loop
    vertex 281.0877516027767 26.396222941224774 4.908955304784435
    vertex 281.08779857975765 26.34647654553251 0.7500120894566068
    vertex 281.0877516027767 26.396222941224774 5.091047811419445
  endloop
endfacet
facet normal -0.9999999999984495 -1.8519256240791623e-07 -1.7513280691225578e-06
  outer loop
    vertex 281.0877571895667 44.938272324188674 0.7500189640238961
    vertex 281.0877516027767 27.661628508777525 3.561435241195948
    vertex 281.0877516027767 27.843361697445765 3.5500015581019406
  endloop
endfacet
facet normal -0.9999999999984495 -1.8519256240791623e-07 -1.7513280691225578e-06
  outer loop
    vertex 281.0877571895667 44.938272324188674 0.7500189640238961
    vertex 281.0877516027767 27.843361697445765 3.5500015581019406
    vertex 281.0877516027767 28.025094886114008 3.561435241195948
  endloop
endfacet
facet normal -0.9999999999984495 -1.8519256240791623e-07 -1.7513280691225578e-06
  outer loop
    vertex 281.0877571895667 44.938272324188674 0.7500189640238961
    vertex 281.0877516027767 28.025094886114008 3.561435241195948
    vertex 281.0877516027767 28.20396203383481 3.5955559744654253
  endloop
endfacet
facet normal -0.9999999999984495 -1.8519256240791623e-07 -1.7513280691225578e-06
  outer loop
    vertex 281.0877571895667 44.938272324188674 0.7500189640238961
    vertex 281.0877516027767 28.20396203383481 3.5955559744654253
    vertex 281.0877516027767 28.37714229883855 3.651825653563976
  endloop
endfacet
facet normal -0.9999999999984495 -1.8519256240791623e-07 -1.7513280691225578e-06
  outer loop
    vertex 281.0877571895667 44.938272324188674 0.7500189640238961
    vertex 281.0877516027767 28.37714229883855 3.651825653563976
    vertex 281.0877516027767 28.541904524893255 3.729356872038338
  endloop
endfacet
facet normal -0.9999999999984495 -1.8519256240791623e-07 -1.7513280691225578e-06
  outer loop
    vertex 281.0877571895667 44.938272324188674 0.7500189640238961
    vertex 281.0877516027767 28.541904524893255 3.729356872038338
    vertex 281.0877516027767 28.695650313269855 3.8269269162582664
  endloop
endfacet
facet normal -0.9999999999984495 -1.8519256240791623e-07 -1.7513280691225578e-06
  outer loop
    vertex 281.0877571895667 44.938272324188674 0.7500189640238961
    vertex 281.0877516027767 28.695650313269855 3.8269269162582664
    vertex 281.0877516027767 28.835955001042368 3.942997048340894
  endloop
endfacet
facet normal -0.9999999999984495 -1.8519256240791623e-07 -1.7513280691225578e-06
  outer loop
    vertex 281.0877571895667 44.938272324188674 0.7500189640238961
    vertex 281.0877516027767 28.835955001042368 3.942997048340894
    vertex 281.0877516027767 28.96060589947066 4.07573677296634
  endloop
endfacet
facet normal -0.9999999999984495 -1.8519256240791623e-07 -1.7513280691225578e-06
  outer loop
    vertex 281.0877571895667 44.938272324188674 0.7500189640238961
    vertex 281.0877516027767 28.96060589947066 4.07573677296634
    vertex 281.0877516027767 29.067637189423685 4.223052705382394
  endloop
endfacet
facet normal -0.9999999999984495 -1.8519256240791623e-07 -1.7513280691225578e-06
  outer loop
    vertex 281.0877571895667 44.938272324188674 0.7500189640238961
    vertex 281.0877516027767 29.067637189423685 4.223052705382394
    vertex 281.0877516027767 29.155360923521496 4.3826215853325845
  endloop
endfacet
facet normal -0.9999999999984495 -1.8519256240791623e-07 -1.7513280691225578e-06
  outer loop
    vertex 281.0877571895667 44.938272324188674 0.7500189640238961
    vertex 281.0877516027767 29.155360923521496 4.3826215853325845
    vertex 281.0877516027767 29.222393646073737 4.5519269162582665
  endloop
endfacet
facet normal -0.9999999999984495 -1.8519256240791623e-07 -1.7513280691225578e-06
  outer loop
    vertex 281.0877571895667 44.938272324188674 0.7500189640238961
    vertex 281.0877516027767 29.222393646073737 4.5519269162582665
    vertex 281.0877516027767 29.267678211002366 4.72829865195264
  endloop
endfacet
facet normal -0.9999999999984495 -1.8519256240791623e-07 -1.7513280691225578e-06
  outer loop
    vertex 281.0877571895667 44.938272324188674 0.7500189640238961
    vertex 281.0877516027767 29.267678211002366 4.72829865195264
    vertex 281.0877516027767 29.29050045366676 4.908955304784436
  endloop
endfacet
facet normal -0.9999999999984495 -1.8519256240791623e-07 -1.7513280691225578e-06
  outer loop
    vertex 281.0877571895667 44.938272324188674 0.7500189640238961
    vertex 281.0877516027767 29.29050045366676 4.908955304784436
    vertex 281.0877516027767 33.9415688294581 4.250001540850242
  endloop
endfacet
facet normal -0.9999999999984495 -1.8519256240791623e-07 -1.7513280691225578e-06
  outer loop
    vertex 281.0877516027767 33.9415688294581 4.250001540850242
    vertex 281.0877516027767 29.29050045366676 4.908955304784436
    vertex 281.0877516027767 29.52949955680177 8.06707493825546
  endloop
endfacet
facet normal -0.9999999999984495 -1.8519256240791623e-07 -1.7513280691225578e-06
  outer loop
    vertex 281.0877516027767 33.9415688294581 4.250001540850242
    vertex 281.0877516027767 29.52949955680177 8.06707493825546
    vertex 281.0877516027767 29.900610080469423 7.831561038414257
  endloop
endfacet
facet normal -0.9999999999984495 -1.8519256240791623e-07 -1.7513280691225578e-06
  outer loop
    vertex 281.0877516027767 33.9415688294581 4.250001540850242
    vertex 281.0877516027767 29.900610080469423 7.831561038414257
    vertex 281.0877516027767 30.23927656819618 7.55139175407688
  endloop
endfacet
facet normal -0.9999999999984495 -1.8519256240791623e-07 -1.7513280691225578e-06
  outer loop
    vertex 281.0877571895667 44.938272324188674 0.7500189640238961
    vertex 281.0877516027767 33.9415688294581 4.250001540850242
    vertex 281.0877518374876 44.93827155997126 4.250001997836558
  endloop
endfacet
facet normal 0.9822872507286878 0.1873813145857295 0.0
  outer loop
    vertex 284.9755814345559 55.05736883629201 0.7500174632356593
    vertex 284.94851936918525 55.19922823240312 6.799999999999999
    vertex 284.97558064039896 55.05736808076248 6.799999999999999
  endloop
endfacet
facet normal 0.9822872507286878 0.1873813145857295 0.0
  outer loop
    vertex 284.94851936918525 55.19922823240312 6.799999999999999
    vertex 284.9755814345559 55.05736883629201 0.7500174632356593
    vertex 284.94852016334215 55.19922898793264 0.7500174632356593
  endloop
endfacet
facet normal 0.9822872507286878 -0.1873813145857295 0.0
  outer loop
    vertex 284.94852016334215 55.48749542513055 0.7500174632356593
    vertex 284.97558064039896 55.62935482124166 6.799999999999999
    vertex 284.94851936918525 55.48749466960102 6.799999999999999
  endloop
endfacet
facet normal 0.9822872507286878 -0.1873813145857295 0.0
  outer loop
    vertex 284.97558064039896 55.62935482124166 6.799999999999999
    vertex 284.94852016334215 55.48749542513055 0.7500174632356593
    vertex 284.9755814345559 55.62935557677118 0.7500174632356593
  endloop
endfacet
facet normal 0.9980267284282719 0.06279051952930986 0.0
  outer loop
    vertex 284.94852016334215 55.19922898793264 0.7500174632356593
    vertex 284.93945127569685 55.34336145100207 6.799999999999999
    vertex 284.94851936918525 55.19922823240312 6.799999999999999
  endloop
endfacet
facet normal 0.9980267284282719 0.06279051952930986 0.0
  outer loop
    vertex 284.93945127569685 55.34336145100207 6.799999999999999
    vertex 284.94852016334215 55.19922898793264 0.7500174632356593
    vertex 284.9394520698538 55.343362206531594 0.7500174632356593
  endloop
endfacet
facet normal 0.9980267284282719 -0.06279051952930986 0.0
  outer loop
    vertex 284.9394520698538 55.343362206531594 0.7500174632356593
    vertex 284.94851936918525 55.48749466960102 6.799999999999999
    vertex 284.93945127569685 55.34336145100207 6.799999999999999
  endloop
endfacet
facet normal 0.9980267284282719 -0.06279051952930986 0.0
  outer loop
    vertex 284.94851936918525 55.48749466960102 6.799999999999999
    vertex 284.9394520698538 55.343362206531594 0.7500174632356593
    vertex 284.94852016334215 55.48749542513055 0.7500174632356593
  endloop
endfacet
facet normal 0.5877852522924725 0.8090169943749481 0.0
  outer loop
    vertex 285.3564136874859 54.45727122180991 6.799999999999999
    vertex 285.473251255628 54.372385092204276 0.7500174632356593
    vertex 285.35641448164284 54.45727197733944 0.7500174632356593
  endloop
endfacet
facet normal 0.5877852522924725 0.8090169943749481 0.0
  outer loop
    vertex 285.473251255628 54.372385092204276 0.7500174632356593
    vertex 285.3564136874859 54.45727122180991 6.799999999999999
    vertex 285.473250461471 54.37238433667475 6.799999999999999
  endloop
endfacet
facet normal 0.9510565162951534 0.30901699437494823 0.0
  outer loop
    vertex 285.02020911108235 54.92001897094422 0.7500174632356593
    vertex 284.97558064039896 55.05736808076248 6.799999999999999
    vertex 285.0202083169254 54.92001821541469 6.799999999999999
  endloop
endfacet
facet normal 0.9510565162951534 0.30901699437494823 0.0
  outer loop
    vertex 284.97558064039896 55.05736808076248 6.799999999999999
    vertex 285.02020911108235 54.92001897094422 0.7500174632356593
    vertex 284.9755814345559 55.05736883629201 0.7500174632356593
  endloop
endfacet
facet normal 0.9048270524660202 0.4257792915650716 0.0
  outer loop
    vertex 285.0816993878034 54.789345481314626 0.7500174632356593
    vertex 285.0202083169254 54.92001821541469 6.799999999999999
    vertex 285.0816985936464 54.7893447257851 6.799999999999999
  endloop
endfacet
facet normal 0.9048270524660202 0.4257792915650716 0.0
  outer loop
    vertex 285.0202083169254 54.92001821541469 6.799999999999999
    vertex 285.0816993878034 54.789345481314626 0.7500174632356593
    vertex 285.02020911108235 54.92001897094422 0.7500174632356593
  endloop
endfacet
facet normal -0.9999999999999314 3.2912882971211625e-09 3.707060460647581e-07
  outer loop
    vertex 283.58947137543834 51.59713838637675 4.249999944977614
    vertex 283.5894708565225 44.93827151047 0.7500175706134805
    vertex 283.5894712660883 44.93827091748044 4.249999870755198
  endloop
endfacet
facet normal -0.9999999999999314 3.2912882971211625e-09 3.707060460647581e-07
  outer loop
    vertex 283.5894708565225 44.93827151047 0.7500175706134805
    vertex 283.58947137543834 51.59713838637675 4.249999944977614
    vertex 283.5894709658725 51.59713897936633 0.7500176448358972
  endloop
endfacet
facet normal 0.12533323356430434 0.992114701314478 0.0
  outer loop
    vertex 285.8739627639233 54.213731112664085 6.799999999999999
    vertex 286.01724297239514 54.19563146883908 0.7500174632356593
    vertex 285.8739635580802 54.21373186819361 0.7500174632356593
  endloop
endfacet
facet normal 0.12533323356430434 0.992114701314478 0.0
  outer loop
    vertex 286.01724297239514 54.19563146883908 0.7500174632356593
    vertex 285.8739627639233 54.213731112664085 6.799999999999999
    vertex 286.0172421782382 54.195630713309555 6.799999999999999
  endloop
endfacet
facet normal 0.7705132427757881 0.637423989748691 0.0
  outer loop
    vertex 285.2511381483192 54.5561330347136 0.7500174632356593
    vertex 285.1590817321657 54.66740841086573 6.799999999999999
    vertex 285.25113735416227 54.55613227918408 6.799999999999999
  endloop
endfacet
facet normal 0.7705132427757881 0.637423989748691 0.0
  outer loop
    vertex 285.1590817321657 54.66740841086573 6.799999999999999
    vertex 285.2511381483192 54.5561330347136 0.7500174632356593
    vertex 285.1590825263226 54.66740916639526 0.7500174632356593
  endloop
endfacet
facet normal 0.8443279255020157 0.5358267949789958 0.0
  outer loop
    vertex 285.1590825263226 54.66740916639526 0.7500174632356593
    vertex 285.0816985936464 54.7893447257851 6.799999999999999
    vertex 285.1590817321657 54.66740841086573 6.799999999999999
  endloop
endfacet
facet normal 0.8443279255020157 0.5358267949789958 0.0
  outer loop
    vertex 285.0816985936464 54.7893447257851 6.799999999999999
    vertex 285.1590825263226 54.66740916639526 0.7500174632356593
    vertex 285.0816993878034 54.789345481314626 0.7500174632356593
  endloop
endfacet
facet normal 0.4817536741017132 0.8763066800438649 0.0
  outer loop
    vertex 285.473250461471 54.37238433667475 6.799999999999999
    vertex 285.59980588455403 54.30281109619567 0.7500174632356593
    vertex 285.473251255628 54.372385092204276 0.7500174632356593
  endloop
endfacet
facet normal 0.4817536741017132 0.8763066800438649 0.0
  outer loop
    vertex 285.59980588455403 54.30281109619567 0.7500174632356593
    vertex 285.473250461471 54.37238433667475 6.799999999999999
    vertex 285.599805090397 54.30281034066614 6.799999999999999
  endloop
endfacet
facet normal 0.7705132427757881 -0.637423989748691 0.0
  outer loop
    vertex 285.1590825263226 56.01931524666793 0.7500174632356593
    vertex 285.25113735416227 56.13059062282006 6.799999999999999
    vertex 285.1590817321657 56.01931449113841 6.799999999999999
  endloop
endfacet
facet normal 0.7705132427757881 -0.637423989748691 0.0
  outer loop
    vertex 285.25113735416227 56.13059062282006 6.799999999999999
    vertex 285.1590825263226 56.01931524666793 0.7500174632356593
    vertex 285.2511381483192 56.130591378349585 0.7500174632356593
  endloop
endfacet
facet normal 0.6845471059286892 0.728968627421411 0.0
  outer loop
    vertex 285.25113735416227 54.55613227918408 6.799999999999999
    vertex 285.35641448164284 54.45727197733944 0.7500174632356593
    vertex 285.2511381483192 54.5561330347136 0.7500174632356593
  endloop
endfacet
facet normal 0.6845471059286892 0.728968627421411 0.0
  outer loop
    vertex 285.35641448164284 54.45727197733944 0.7500174632356593
    vertex 285.25113735416227 54.55613227918408 6.799999999999999
    vertex 285.3564136874859 54.45727122180991 6.799999999999999
  endloop
endfacet
facet normal 0.5877852522924725 -0.8090169943749481 0.0
  outer loop
    vertex 285.473250461471 56.314338565329386 6.799999999999999
    vertex 285.35641448164284 56.22945243572376 0.7500174632356593
    vertex 285.473251255628 56.31433932085891 0.7500174632356593
  endloop
endfacet
facet normal 0.5877852522924725 -0.8090169943749481 0.0
  outer loop
    vertex 285.35641448164284 56.22945243572376 0.7500174632356593
    vertex 285.473250461471 56.314338565329386 6.799999999999999
    vertex 285.3564136874859 56.22945168019423 6.799999999999999
  endloop
endfacet
facet normal 0.6845471059286892 -0.728968627421411 0.0
  outer loop
    vertex 285.3564136874859 56.22945168019423 6.799999999999999
    vertex 285.2511381483192 56.130591378349585 0.7500174632356593
    vertex 285.35641448164284 56.22945243572376 0.7500174632356593
  endloop
endfacet
facet normal 0.6845471059286892 -0.728968627421411 0.0
  outer loop
    vertex 285.2511381483192 56.130591378349585 0.7500174632356593
    vertex 285.3564136874859 56.22945168019423 6.799999999999999
    vertex 285.25113735416227 56.13059062282006 6.799999999999999
  endloop
endfacet
facet normal 0.0 -1.0 0.0
  outer loop
    vertex 286.1616603731556 56.49109218869459 6.799999999999999
    vertex 286.01724297239514 56.491092944224114 0.7500174632356593
    vertex 286.16166116731256 56.491092944224114 0.7500174632356593
  endloop
endfacet
facet normal 0.0 -1.0 0.0
  outer loop
    vertex 286.01724297239514 56.491092944224114 0.7500174632356593
    vertex 286.1616603731556 56.49109218869459 6.799999999999999
    vertex 286.0172421782382 56.49109218869459 6.799999999999999
  endloop
endfacet
facet normal 0.36812455268467575 -0.9297764858882522 0.0
  outer loop
    vertex 285.7340817321657 56.43707644474149 6.799999999999999
    vertex 285.59980588455403 56.38391331686752 0.7500174632356593
    vertex 285.73408252632265 56.43707720027102 0.7500174632356593
  endloop
endfacet
facet normal 0.36812455268467575 -0.9297764858882522 0.0
  outer loop
    vertex 285.59980588455403 56.38391331686752 0.7500174632356593
    vertex 285.7340817321657 56.43707644474149 6.799999999999999
    vertex 285.599805090397 56.38391256133799 6.799999999999999
  endloop
endfacet
facet normal 0.4817536741017172 -0.8763066800438627 0.0
  outer loop
    vertex 285.599805090397 56.38391256133799 6.799999999999999
    vertex 285.473251255628 56.31433932085891 0.7500174632356593
    vertex 285.59980588455403 56.38391331686752 0.7500174632356593
  endloop
endfacet
facet normal 0.4817536741017172 -0.8763066800438627 0.0
  outer loop
    vertex 285.473251255628 56.31433932085891 0.7500174632356593
    vertex 285.599805090397 56.38391256133799 6.799999999999999
    vertex 285.473250461471 56.314338565329386 6.799999999999999
  endloop
endfacet
facet normal 0.12533323356430318 -0.992114701314478 0.0
  outer loop
    vertex 286.0172421782382 56.49109218869459 6.799999999999999
    vertex 285.8739635580802 56.47299254486958 0.7500174632356593
    vertex 286.01724297239514 56.491092944224114 0.7500174632356593
  endloop
endfacet
facet normal 0.12533323356430318 -0.992114701314478 0.0
  outer loop
    vertex 285.8739635580802 56.47299254486958 0.7500174632356593
    vertex 286.0172421782382 56.49109218869459 6.799999999999999
    vertex 285.8739627639233 56.47299178934005 6.799999999999999
  endloop
endfacet
facet normal 0.24868988716485574 -0.968583161128631 0.0
  outer loop
    vertex 285.8739627639233 56.47299178934005 6.799999999999999
    vertex 285.73408252632265 56.43707720027102 0.7500174632356593
    vertex 285.8739635580802 56.47299254486958 0.7500174632356593
  endloop
endfacet
facet normal 0.24868988716485574 -0.968583161128631 0.0
  outer loop
    vertex 285.73408252632265 56.43707720027102 0.7500174632356593
    vertex 285.8739627639233 56.47299178934005 6.799999999999999
    vertex 285.7340817321657 56.43707644474149 6.799999999999999
  endloop
endfacet
facet normal -0.7705132427757859 0.637423989748694 0.0
  outer loop
    vertex 287.0198208192281 54.66740841086573 6.799999999999999
    vertex 286.92776599138847 54.5561330347136 0.7500174632356593
    vertex 286.9277651972315 54.55613227918408 6.799999999999999
  endloop
endfacet
facet normal -0.7705132427757859 0.637423989748694 0.0
  outer loop
    vertex 286.92776599138847 54.5561330347136 0.7500174632356593
    vertex 287.0198208192281 54.66740841086573 6.799999999999999
    vertex 287.01982161338503 54.66740916639526 0.7500174632356593
  endloop
endfacet
facet normal -0.24868988716485466 0.9685831611286312 0.0
  outer loop
    vertex 286.30493978747046 54.213731112664085 6.799999999999999
    vertex 286.44482161338505 54.24964721279217 0.7500174632356593
    vertex 286.3049405816274 54.21373186819361 0.7500174632356593
  endloop
endfacet
facet normal -0.24868988716485466 0.9685831611286312 0.0
  outer loop
    vertex 286.44482161338505 54.24964721279217 0.7500174632356593
    vertex 286.30493978747046 54.213731112664085 6.799999999999999
    vertex 286.444820819228 54.24964645726264 6.799999999999999
  endloop
endfacet
facet normal -0.684547105928693 0.7289686274214077 0.0
  outer loop
    vertex 286.82248886390784 54.45727122180991 6.799999999999999
    vertex 286.92776599138847 54.5561330347136 0.7500174632356593
    vertex 286.82248965806485 54.45727197733944 0.7500174632356593
  endloop
endfacet
facet normal -0.684547105928693 0.7289686274214077 0.0
  outer loop
    vertex 286.92776599138847 54.5561330347136 0.7500174632356593
    vertex 286.82248886390784 54.45727122180991 6.799999999999999
    vertex 286.9277651972315 54.55613227918408 6.799999999999999
  endloop
endfacet
facet normal -0.4817536741017112 0.8763066800438659 0.0
  outer loop
    vertex 286.5790974609967 54.30281034066614 6.799999999999999
    vertex 286.7056528840797 54.372385092204276 0.7500174632356593
    vertex 286.57909825515367 54.30281109619567 0.7500174632356593
  endloop
endfacet
facet normal -0.4817536741017112 0.8763066800438659 0.0
  outer loop
    vertex 286.7056528840797 54.372385092204276 0.7500174632356593
    vertex 286.5790974609967 54.30281034066614 6.799999999999999
    vertex 286.7056520899227 54.37238433667475 6.799999999999999
  endloop
endfacet
facet normal -0.36812455268467914 0.9297764858882511 0.0
  outer loop
    vertex 286.444820819228 54.24964645726264 6.799999999999999
    vertex 286.57909825515367 54.30281109619567 0.7500174632356593
    vertex 286.44482161338505 54.24964721279217 0.7500174632356593
  endloop
endfacet
facet normal -0.36812455268467914 0.9297764858882511 0.0
  outer loop
    vertex 286.57909825515367 54.30281109619567 0.7500174632356593
    vertex 286.444820819228 54.24964645726264 6.799999999999999
    vertex 286.5790974609967 54.30281034066614 6.799999999999999
  endloop
endfacet
facet normal -0.12533323356430437 0.992114701314478 0.0
  outer loop
    vertex 286.1616603731556 54.195630713309555 6.799999999999999
    vertex 286.3049405816274 54.21373186819361 0.7500174632356593
    vertex 286.16166116731256 54.19563146883908 0.7500174632356593
  endloop
endfacet
facet normal -0.12533323356430437 0.992114701314478 0.0
  outer loop
    vertex 286.3049405816274 54.21373186819361 0.7500174632356593
    vertex 286.1616603731556 54.195630713309555 6.799999999999999
    vertex 286.30493978747046 54.213731112664085 6.799999999999999
  endloop
endfacet
facet normal -0.12533323356430318 -0.992114701314478 0.0
  outer loop
    vertex 286.30493978747046 56.47299178934005 6.799999999999999
    vertex 286.16166116731256 56.491092944224114 0.7500174632356593
    vertex 286.3049405816274 56.47299254486958 0.7500174632356593
  endloop
endfacet
facet normal -0.12533323356430318 -0.992114701314478 0.0
  outer loop
    vertex 286.16166116731256 56.491092944224114 0.7500174632356593
    vertex 286.30493978747046 56.47299178934005 6.799999999999999
    vertex 286.1616603731556 56.49109218869459 6.799999999999999
  endloop
endfacet
facet normal 0.9510565162951514 0.3090169943749546 0.0
  outer loop
    vertex 285.02020911108235 37.92001897094422 0.7500174632356593
    vertex 284.97558064039896 38.05736808076249 4.25
    vertex 285.0202083169254 37.92001821541469 4.25
  endloop
endfacet
facet normal 0.9510565162951514 0.3090169943749546 0.0
  outer loop
    vertex 284.97558064039896 38.05736808076249 4.25
    vertex 285.02020911108235 37.92001897094422 0.7500174632356593
    vertex 284.9755814345559 38.057368836292014 0.7500174632356593
  endloop
endfacet
facet normal 0.48175367410171693 0.8763066800438627 0.0
  outer loop
    vertex 285.473250461471 37.372384336674756 4.25
    vertex 285.59980588455403 37.302811096195676 0.7500174632356593
    vertex 285.473251255628 37.372385092204276 0.7500174632356593
  endloop
endfacet
facet normal 0.48175367410171693 0.8763066800438627 0.0
  outer loop
    vertex 285.59980588455403 37.302811096195676 0.7500174632356593
    vertex 285.473250461471 37.372384336674756 4.25
    vertex 285.599805090397 37.30281034066615 4.25
  endloop
endfacet
facet normal 0.8443279255020255 0.5358267949789802 0.0
  outer loop
    vertex 285.1590825263226 37.66740916639525 0.7500174632356593
    vertex 285.0816985936464 37.7893447257851 4.25
    vertex 285.1590817321657 37.667408410865725 4.25
  endloop
endfacet
facet normal 0.8443279255020255 0.5358267949789802 0.0
  outer loop
    vertex 285.0816985936464 37.7893447257851 4.25
    vertex 285.1590825263226 37.66740916639525 0.7500174632356593
    vertex 285.0816993878034 37.789345481314626 0.7500174632356593
  endloop
endfacet
facet normal 0.5877852522924845 -0.8090169943749392 0.0
  outer loop
    vertex 285.473250461471 39.314338565329386 4.25
    vertex 285.35641448164284 39.22945243572375 0.7500174632356593
    vertex 285.473251255628 39.31433932085891 0.7500174632356593
  endloop
endfacet
facet normal 0.5877852522924845 -0.8090169943749392 0.0
  outer loop
    vertex 285.35641448164284 39.22945243572375 0.7500174632356593
    vertex 285.473250461471 39.314338565329386 4.25
    vertex 285.3564136874859 39.229451680194224 4.25
  endloop
endfacet
facet normal 0.684547105928689 0.7289686274214113 0.0
  outer loop
    vertex 285.25113735416227 37.556132279184084 4.25
    vertex 285.35641448164284 37.457271977339445 0.7500174632356593
    vertex 285.2511381483192 37.5561330347136 0.7500174632356593
  endloop
endfacet
facet normal 0.684547105928689 0.7289686274214113 0.0
  outer loop
    vertex 285.35641448164284 37.457271977339445 0.7500174632356593
    vertex 285.25113735416227 37.556132279184084 4.25
    vertex 285.3564136874859 37.45727122180992 4.25
  endloop
endfacet
facet normal 0.5877852522924845 0.8090169943749392 0.0
  outer loop
    vertex 285.3564136874859 37.45727122180992 4.25
    vertex 285.473251255628 37.372385092204276 0.7500174632356593
    vertex 285.35641448164284 37.457271977339445 0.7500174632356593
  endloop
endfacet
facet normal 0.5877852522924845 0.8090169943749392 0.0
  outer loop
    vertex 285.473251255628 37.372385092204276 0.7500174632356593
    vertex 285.3564136874859 37.45727122180992 4.25
    vertex 285.473250461471 37.372384336674756 4.25
  endloop
endfacet
facet normal -0.6845471059286938 0.7289686274214068 0.0
  outer loop
    vertex 286.82248886390784 37.45727122180992 4.25
    vertex 286.92776599138847 37.5561330347136 0.7500174632356593
    vertex 286.82248965806485 37.457271977339445 0.7500174632356593
  endloop
endfacet
facet normal -0.6845471059286938 0.7289686274214068 0.0
  outer loop
    vertex 286.92776599138847 37.5561330347136 0.7500174632356593
    vertex 286.82248886390784 37.45727122180992 4.25
    vertex 286.9277651972315 37.556132279184084 4.25
  endloop
endfacet
facet normal 0.9510565162951534 -0.30901699437494823 0.0
  outer loop
    vertex 284.9755814345559 55.62935557677118 0.7500174632356593
    vertex 285.0202083169254 55.76670468658944 6.799999999999999
    vertex 284.97558064039896 55.62935482124166 6.799999999999999
  endloop
endfacet
facet normal 0.9510565162951534 -0.30901699437494823 0.0
  outer loop
    vertex 285.0202083169254 55.76670468658944 6.799999999999999
    vertex 284.9755814345559 55.62935557677118 0.7500174632356593
    vertex 285.02020911108235 55.76670544211897 0.7500174632356593
  endloop
endfacet
facet normal 0.9048270524660202 -0.4257792915650716 0.0
  outer loop
    vertex 285.02020911108235 55.76670544211897 0.7500174632356593
    vertex 285.0816985936464 55.89737817621904 6.799999999999999
    vertex 285.0202083169254 55.76670468658944 6.799999999999999
  endloop
endfacet
facet normal 0.9048270524660202 -0.4257792915650716 0.0
  outer loop
    vertex 285.0816985936464 55.89737817621904 6.799999999999999
    vertex 285.02020911108235 55.76670544211897 0.7500174632356593
    vertex 285.0816993878034 55.89737893174857 0.7500174632356593
  endloop
endfacet
facet normal 0.8443279255020157 -0.5358267949789957 0.0
  outer loop
    vertex 285.0816993878034 55.89737893174857 0.7500174632356593
    vertex 285.1590817321657 56.01931449113841 6.799999999999999
    vertex 285.0816985936464 55.89737817621904 6.799999999999999
  endloop
endfacet
facet normal 0.8443279255020157 -0.5358267949789957 0.0
  outer loop
    vertex 285.1590817321657 56.01931449113841 6.799999999999999
    vertex 285.0816993878034 55.89737893174857 0.7500174632356593
    vertex 285.1590825263226 56.01931524666793 0.7500174632356593
  endloop
endfacet
facet normal -0.9510565162951532 -0.3090169943749488 0.0
  outer loop
    vertex 287.1586942344684 38.766704686589456 4.25
    vertex 287.2033227051518 38.62935557677118 0.7500174632356593
    vertex 287.2033219109948 38.629354821241655 4.25
  endloop
endfacet
facet normal -0.9510565162951532 -0.3090169943749488 0.0
  outer loop
    vertex 287.2033227051518 38.62935557677118 0.7500174632356593
    vertex 287.1586942344684 38.766704686589456 4.25
    vertex 287.1586950286253 38.766705442118976 0.7500174632356593
  endloop
endfacet
facet normal -0.9822872507286889 -0.18738131458572374 0.0
  outer loop
    vertex 287.2033219109948 38.629354821241655 4.25
    vertex 287.2303839763655 38.48749542513054 0.7500174632356593
    vertex 287.2303831822085 38.48749466960102 4.25
  endloop
endfacet
facet normal -0.9822872507286889 -0.18738131458572374 0.0
  outer loop
    vertex 287.2303839763655 38.48749542513054 0.7500174632356593
    vertex 287.2033219109948 38.629354821241655 4.25
    vertex 287.2033227051518 38.62935557677118 0.7500174632356593
  endloop
endfacet
facet normal 0.3681245526846874 -0.9297764858882478 0.0
  outer loop
    vertex 285.7340817321657 39.4370764447415 4.25
    vertex 285.59980588455403 39.38391331686752 0.7500174632356593
    vertex 285.73408252632265 39.43707720027103 0.7500174632356593
  endloop
endfacet
facet normal 0.3681245526846874 -0.9297764858882478 0.0
  outer loop
    vertex 285.59980588455403 39.38391331686752 0.7500174632356593
    vertex 285.7340817321657 39.4370764447415 4.25
    vertex 285.599805090397 39.38391256133799 4.25
  endloop
endfacet
facet normal 0.9048270524660197 -0.4257792915650727 1.8318725924470172e-33
  outer loop
    vertex 289.5761130977778 53.96289437843453 4.25
    vertex 289.37560132586134 53.536785173120634 6.799999999999999
    vertex 289.37560132586134 53.536785173120634 4.25
  endloop
endfacet
facet normal 0.9048270524660197 -0.4257792915650727 1.8318725924470172e-33
  outer loop
    vertex 289.37560132586134 53.536785173120634 6.799999999999999
    vertex 289.5761130977778 53.96289437843453 4.25
    vertex 289.5761130977778 53.96289437843453 6.799999999999999
  endloop
endfacet
facet normal 0.8443279255020174 -0.5358267949789933 2.0449922711892086e-18
  outer loop
    vertex 289.37560132586134 53.536785173120634 4.25
    vertex 289.1232650046029 53.13916675490529 6.799999999999999
    vertex 289.1232650046029 53.13916675490529 4.25
  endloop
endfacet
facet normal 0.8443279255020174 -0.5358267949789933 2.0449922711892086e-18
  outer loop
    vertex 289.1232650046029 53.13916675490529 6.799999999999999
    vertex 289.37560132586134 53.536785173120634 4.25
    vertex 289.37560132586134 53.536785173120634 6.799999999999999
  endloop
endfacet
facet normal 0.7705132427757898 -0.6374239897486893 0.0
  outer loop
    vertex 289.1232650046029 53.13916675490529 4.25
    vertex 288.8230836285272 52.776309803769486 6.799999999999999
    vertex 288.8230836285272 52.776309803769486 4.25
  endloop
endfacet
facet normal 0.7705132427757898 -0.6374239897486893 0.0
  outer loop
    vertex 288.8230836285272 52.776309803769486 6.799999999999999
    vertex 289.1232650046029 53.13916675490529 4.25
    vertex 289.1232650046029 53.13916675490529 6.799999999999999
  endloop
endfacet
facet normal 0.5877852522924742 -0.8090169943749467 2.0231095598120743e-32
  outer loop
    vertex 288.47979123725446 52.45393679059287 6.799999999999999
    vertex 288.0988017568681 52.17713173036952 4.25
    vertex 288.47979123725446 52.45393679059287 4.25
  endloop
endfacet
facet normal 0.5877852522924742 -0.8090169943749467 2.0231095598120743e-32
  outer loop
    vertex 288.0988017568681 52.17713173036952 4.25
    vertex 288.47979123725446 52.45393679059287 6.799999999999999
    vertex 288.0988017568681 52.17713173036952 6.799999999999999
  endloop
endfacet
facet normal 0.48175367410171427 -0.876306680043864 3.166245949780456e-32
  outer loop
    vertex 288.0988017568681 52.17713173036952 6.799999999999999
    vertex 287.6861236190659 51.950260004254496 4.25
    vertex 288.0988017568681 52.17713173036952 4.25
  endloop
endfacet
facet normal 0.48175367410171427 -0.876306680043864 3.166245949780456e-32
  outer loop
    vertex 287.6861236190659 51.950260004254496 4.25
    vertex 288.0988017568681 52.17713173036952 6.799999999999999
    vertex 287.6861236190659 51.950260004254496 6.799999999999999
  endloop
endfacet
facet normal 0.6845471059286864 -0.7289686274214137 0.0
  outer loop
    vertex 288.8230836285272 52.776309803769486 6.799999999999999
    vertex 288.47979123725446 52.45393679059287 4.25
    vertex 288.8230836285272 52.776309803769486 4.25
  endloop
endfacet
facet normal 0.6845471059286864 -0.7289686274214137 0.0
  outer loop
    vertex 288.47979123725446 52.45393679059287 4.25
    vertex 288.8230836285272 52.776309803769486 6.799999999999999
    vertex 288.47979123725446 52.45393679059287 6.799999999999999
  endloop
endfacet
facet normal 0.0 -0.9921147013144793 -0.1253332335642939
  outer loop
    vertex 284.08945125268633 24.350231358187724 4.780021791665009
    vertex 281.0877516027767 24.40535631989537 4.344166957051904
    vertex 284.08945125268633 24.40531953013626 4.34395400896757
  endloop
endfacet
facet normal 0.0 -0.9921147013144793 -0.1253332335642939
  outer loop
    vertex 281.0877516027767 24.40535631989537 4.344166957051904
    vertex 284.08945125268633 24.350231358187724 4.780021791665009
    vertex 281.0877516027767 24.35026814794683 4.780234739749343
  endloop
endfacet
facet normal -0.12533323356428513 -0.9921147013144802 0.0
  outer loop
    vertex 286.30493978747046 39.472991789340064 4.25
    vertex 286.16166116731256 39.49109294422411 0.7500174632356593
    vertex 286.3049405816274 39.47299254486959 0.7500174632356593
  endloop
endfacet
facet normal -0.12533323356428513 -0.9921147013144802 0.0
  outer loop
    vertex 286.16166116731256 39.49109294422411 0.7500174632356593
    vertex 286.30493978747046 39.472991789340064 4.25
    vertex 286.1616603731556 39.49109218869458 4.25
  endloop
endfacet
facet normal -0.24868988716486037 -0.9685831611286297 0.0
  outer loop
    vertex 286.444820819228 39.4370764447415 4.25
    vertex 286.3049405816274 39.47299254486959 0.7500174632356593
    vertex 286.44482161338505 39.43707720027103 0.7500174632356593
  endloop
endfacet
facet normal -0.24868988716486037 -0.9685831611286297 0.0
  outer loop
    vertex 286.3049405816274 39.47299254486959 0.7500174632356593
    vertex 286.444820819228 39.4370764447415 4.25
    vertex 286.30493978747046 39.472991789340064 4.25
  endloop
endfacet
facet normal 0.9048270524660184 0.42577929156507527 0.0
  outer loop
    vertex 285.0816993878034 37.789345481314626 0.7500174632356593
    vertex 285.0202083169254 37.92001821541469 4.25
    vertex 285.0816985936464 37.7893447257851 4.25
  endloop
endfacet
facet normal 0.9048270524660184 0.42577929156507527 0.0
  outer loop
    vertex 285.0202083169254 37.92001821541469 4.25
    vertex 285.0816993878034 37.789345481314626 0.7500174632356593
    vertex 285.02020911108235 37.92001897094422 0.7500174632356593
  endloop
endfacet
facet normal 0.982287250728688 -0.18738131458572843 0.0
  outer loop
    vertex 284.94852016334215 38.48749542513054 0.7500174632356593
    vertex 284.97558064039896 38.629354821241655 4.25
    vertex 284.94851936918525 38.48749466960102 4.25
  endloop
endfacet
facet normal 0.982287250728688 -0.18738131458572843 0.0
  outer loop
    vertex 284.97558064039896 38.629354821241655 4.25
    vertex 284.94852016334215 38.48749542513054 0.7500174632356593
    vertex 284.9755814345559 38.62935557677118 0.7500174632356593
  endloop
endfacet
facet normal 0.9980267284282719 -0.06279051952930971 0.0
  outer loop
    vertex 284.9394520698538 38.343362206531594 0.7500174632356593
    vertex 284.94851936918525 38.48749466960102 4.25
    vertex 284.93945127569685 38.34336145100207 4.25
  endloop
endfacet
facet normal 0.9980267284282719 -0.06279051952930971 0.0
  outer loop
    vertex 284.94851936918525 38.48749466960102 4.25
    vertex 284.9394520698538 38.343362206531594 0.7500174632356593
    vertex 284.94852016334215 38.48749542513054 0.7500174632356593
  endloop
endfacet
facet normal 0.9980267284282719 0.06279051952931093 0.0
  outer loop
    vertex 284.94852016334215 38.19922898793265 0.7500174632356593
    vertex 284.93945127569685 38.34336145100207 4.25
    vertex 284.94851936918525 38.19922823240312 4.25
  endloop
endfacet
facet normal 0.9980267284282719 0.06279051952931093 0.0
  outer loop
    vertex 284.93945127569685 38.34336145100207 4.25
    vertex 284.94852016334215 38.19922898793265 0.7500174632356593
    vertex 284.9394520698538 38.343362206531594 0.7500174632356593
  endloop
endfacet
facet normal 0.9822872507286887 0.18738131458572485 0.0
  outer loop
    vertex 284.9755814345559 38.057368836292014 0.7500174632356593
    vertex 284.94851936918525 38.19922823240312 4.25
    vertex 284.97558064039896 38.05736808076249 4.25
  endloop
endfacet
facet normal 0.9822872507286887 0.18738131458572485 0.0
  outer loop
    vertex 284.94851936918525 38.19922823240312 4.25
    vertex 284.9755814345559 38.057368836292014 0.7500174632356593
    vertex 284.94852016334215 38.19922898793265 0.7500174632356593
  endloop
endfacet
facet normal -0.9980267284282719 -0.06279051952930971 0.0
  outer loop
    vertex 287.2303831822085 38.48749466960102 4.25
    vertex 287.2394520698539 38.343362206531594 0.7500174632356593
    vertex 287.23945127569687 38.34336145100207 4.25
  endloop
endfacet
facet normal -0.9980267284282719 -0.06279051952930971 0.0
  outer loop
    vertex 287.2394520698539 38.343362206531594 0.7500174632356593
    vertex 287.2303831822085 38.48749466960102 4.25
    vertex 287.2303839763655 38.48749542513054 0.7500174632356593
  endloop
endfacet
facet normal -0.9980267284282719 0.06279051952931093 0.0
  outer loop
    vertex 287.23945127569687 38.34336145100207 4.25
    vertex 287.2303839763655 38.19922898793265 0.7500174632356593
    vertex 287.2303831822085 38.19922823240312 4.25
  endloop
endfacet
facet normal -0.9980267284282719 0.06279051952931093 0.0
  outer loop
    vertex 287.2303839763655 38.19922898793265 0.7500174632356593
    vertex 287.23945127569687 38.34336145100207 4.25
    vertex 287.2394520698539 38.343362206531594 0.7500174632356593
  endloop
endfacet
facet normal -0.9822872507286895 0.18738131458572013 0.0
  outer loop
    vertex 287.2303831822085 38.19922823240312 4.25
    vertex 287.2033227051518 38.057368836292014 0.7500174632356593
    vertex 287.2033219109948 38.05736808076249 4.25
  endloop
endfacet
facet normal -0.9822872507286895 0.18738131458572013 0.0
  outer loop
    vertex 287.2033227051518 38.057368836292014 0.7500174632356593
    vertex 287.2303831822085 38.19922823240312 4.25
    vertex 287.2303839763655 38.19922898793265 0.7500174632356593
  endloop
endfacet
facet normal -0.9510565162951532 0.3090169943749488 0.0
  outer loop
    vertex 287.2033219109948 38.05736808076249 4.25
    vertex 287.1586950286253 37.92001897094422 0.7500174632356593
    vertex 287.1586942344684 37.92001821541469 4.25
  endloop
endfacet
facet normal -0.9510565162951532 0.3090169943749488 0.0
  outer loop
    vertex 287.1586950286253 37.92001897094422 0.7500174632356593
    vertex 287.2033219109948 38.05736808076249 4.25
    vertex 287.2033227051518 38.057368836292014 0.7500174632356593
  endloop
endfacet
facet normal -0.7705132427757809 -0.6374239897486996 0.0
  outer loop
    vertex 286.9277651972315 39.13059062282006 4.25
    vertex 287.01982161338503 39.019315246667944 0.7500174632356593
    vertex 287.0198208192281 39.01931449113842 4.25
  endloop
endfacet
facet normal -0.7705132427757809 -0.6374239897486996 0.0
  outer loop
    vertex 287.01982161338503 39.019315246667944 0.7500174632356593
    vertex 286.9277651972315 39.13059062282006 4.25
    vertex 286.92776599138847 39.130591378349585 0.7500174632356593
  endloop
endfacet
facet normal -0.587785252292482 0.809016994374941 0.0
  outer loop
    vertex 286.7056520899227 37.372384336674756 4.25
    vertex 286.82248965806485 37.457271977339445 0.7500174632356593
    vertex 286.7056528840797 37.372385092204276 0.7500174632356593
  endloop
endfacet
facet normal -0.587785252292482 0.809016994374941 0.0
  outer loop
    vertex 286.82248965806485 37.457271977339445 0.7500174632356593
    vertex 286.7056520899227 37.372384336674756 4.25
    vertex 286.82248886390784 37.45727122180992 4.25
  endloop
endfacet
facet normal -0.9048270524660147 -0.4257792915650833 0.0
  outer loop
    vertex 287.0972039577473 38.897378176219036 4.25
    vertex 287.1586950286253 38.766705442118976 0.7500174632356593
    vertex 287.1586942344684 38.766704686589456 4.25
  endloop
endfacet
facet normal -0.9048270524660147 -0.4257792915650833 0.0
  outer loop
    vertex 287.1586950286253 38.766705442118976 0.7500174632356593
    vertex 287.0972039577473 38.897378176219036 4.25
    vertex 287.09720475190426 38.89737893174856 0.7500174632356593
  endloop
endfacet
facet normal -0.8443279255020221 -0.5358267949789857 0.0
  outer loop
    vertex 287.0198208192281 39.01931449113842 4.25
    vertex 287.09720475190426 38.89737893174856 0.7500174632356593
    vertex 287.0972039577473 38.897378176219036 4.25
  endloop
endfacet
facet normal -0.8443279255020221 -0.5358267949789857 0.0
  outer loop
    vertex 287.09720475190426 38.89737893174856 0.7500174632356593
    vertex 287.0198208192281 39.01931449113842 4.25
    vertex 287.01982161338503 39.019315246667944 0.7500174632356593
  endloop
endfacet
facet normal -0.5877852522924819 -0.8090169943749412 0.0
  outer loop
    vertex 286.82248886390784 39.229451680194224 4.25
    vertex 286.7056528840797 39.31433932085891 0.7500174632356593
    vertex 286.82248965806485 39.22945243572375 0.7500174632356593
  endloop
endfacet
facet normal -0.5877852522924819 -0.8090169943749412 0.0
  outer loop
    vertex 286.7056528840797 39.31433932085891 0.7500174632356593
    vertex 286.82248886390784 39.229451680194224 4.25
    vertex 286.7056520899227 39.314338565329386 4.25
  endloop
endfacet
facet normal 0.7705132427757756 0.6374239897487063 0.0
  outer loop
    vertex 285.2511381483192 37.5561330347136 0.7500174632356593
    vertex 285.1590817321657 37.667408410865725 4.25
    vertex 285.25113735416227 37.556132279184084 4.25
  endloop
endfacet
facet normal 0.7705132427757756 0.6374239897487063 0.0
  outer loop
    vertex 285.1590817321657 37.667408410865725 4.25
    vertex 285.2511381483192 37.5561330347136 0.7500174632356593
    vertex 285.1590825263226 37.66740916639525 0.7500174632356593
  endloop
endfacet
facet normal -0.481753674101706 -0.8763066800438689 0.0
  outer loop
    vertex 286.7056520899227 39.314338565329386 4.25
    vertex 286.57909825515367 39.38391331686752 0.7500174632356593
    vertex 286.7056528840797 39.31433932085891 0.7500174632356593
  endloop
endfacet
facet normal -0.481753674101706 -0.8763066800438689 0.0
  outer loop
    vertex 286.57909825515367 39.38391331686752 0.7500174632356593
    vertex 286.7056520899227 39.314338565329386 4.25
    vertex 286.5790974609967 39.38391256133799 4.25
  endloop
endfacet
facet normal 0.0 -0.8763066800438618 0.4817536741017186
  outer loop
    vertex 284.08945125268633 24.88817716842962 6.875182392444095
    vertex 281.0877516027767 24.67646701381471 6.490229078579692
    vertex 284.08945125268633 24.676430224055604 6.490016130495359
  endloop
endfacet
facet normal 0.0 -0.8763066800438618 0.4817536741017186
  outer loop
    vertex 281.0877516027767 24.67646701381471 6.490229078579692
    vertex 284.08945125268633 24.88817716842962 6.875182392444095
    vertex 281.0877516027767 24.88821395818873 6.875395340528428
  endloop
endfacet
facet normal -6.325250651169977e-06 -2.2218686418679732e-06 0.9999999999775273
  outer loop
    vertex 287.96484505812333 35.38821371174502 4.25
    vertex 284.08947129503855 33.941532040415396 4.249788593569298
    vertex 284.0881842078448 32.62464306815959 4.249788593569298
  endloop
endfacet
facet normal -6.325250651169977e-06 -2.2218686418679732e-06 0.9999999999775273
  outer loop
    vertex 284.08947129503855 33.941532040415396 4.249788593569298
    vertex 287.96484505812333 35.38821371174502 4.25
    vertex 285.3564136874859 37.45727122180992 4.25
  endloop
endfacet
facet normal -6.325250651169977e-06 -2.2218686418679732e-06 0.9999999999775273
  outer loop
    vertex 284.08947129503855 33.941532040415396 4.249788593569298
    vertex 285.3564136874859 37.45727122180992 4.25
    vertex 285.25113735416227 37.556132279184084 4.25
  endloop
endfacet
facet normal -6.325250651169977e-06 -2.2218686418679732e-06 0.9999999999775273
  outer loop
    vertex 284.08947129503855 33.941532040415396 4.249788593569298
    vertex 285.25113735416227 37.556132279184084 4.25
    vertex 285.1590817321657 37.667408410865725 4.25
  endloop
endfacet
facet normal -6.325250651169977e-06 -2.2218686418679732e-06 0.9999999999775273
  outer loop
    vertex 284.08947129503855 33.941532040415396 4.249788593569298
    vertex 285.1590817321657 37.667408410865725 4.25
    vertex 285.0816985936464 37.7893447257851 4.25
  endloop
endfacet
facet normal -6.325250651169977e-06 -2.2218686418679732e-06 0.9999999999775273
  outer loop
    vertex 284.08947129503855 33.941532040415396 4.249788593569298
    vertex 285.0816985936464 37.7893447257851 4.25
    vertex 285.0202083169254 37.92001821541469 4.25
  endloop
endfacet
facet normal -6.325250651169977e-06 -2.2218686418679732e-06 0.9999999999775273
  outer loop
    vertex 284.08947129503855 33.941532040415396 4.249788593569298
    vertex 285.0202083169254 37.92001821541469 4.25
    vertex 284.97558064039896 38.05736808076249 4.25
  endloop
endfacet
facet normal -6.325250651169977e-06 -2.2218686418679732e-06 0.9999999999775273
  outer loop
    vertex 284.08947129503855 33.941532040415396 4.249788593569298
    vertex 284.97558064039896 38.05736808076249 4.25
    vertex 284.94851936918525 38.19922823240312 4.25
  endloop
endfacet
facet normal -6.325250651169977e-06 -2.2218686418679732e-06 0.9999999999775273
  outer loop
    vertex 284.08947129503855 33.941532040415396 4.249788593569298
    vertex 284.94851936918525 38.19922823240312 4.25
    vertex 284.93945127569685 38.34336145100207 4.25
  endloop
endfacet
facet normal -6.325250651169977e-06 -2.2218686418679732e-06 0.9999999999775273
  outer loop
    vertex 285.3564136874859 37.45727122180992 4.25
    vertex 287.96484505812333 35.38821371174502 4.25
    vertex 285.473250461471 37.372384336674756 4.25
  endloop
endfacet
facet normal -6.325250651169977e-06 -2.2218686418679732e-06 0.9999999999775273
  outer loop
    vertex 285.473250461471 37.372384336674756 4.25
    vertex 287.96484505812333 35.38821371174502 4.25
    vertex 285.599805090397 37.30281034066615 4.25
  endloop
endfacet
facet normal -6.325250651169977e-06 -2.2218686418679732e-06 0.9999999999775273
  outer loop
    vertex 285.599805090397 37.30281034066615 4.25
    vertex 287.96484505812333 35.38821371174502 4.25
    vertex 285.7340817321657 37.24964645726265 4.25
  endloop
endfacet
facet normal -6.325250651169977e-06 -2.2218686418679732e-06 0.9999999999775273
  outer loop
    vertex 285.7340817321657 37.24964645726265 4.25
    vertex 287.96484505812333 35.38821371174502 4.25
    vertex 285.8739627639233 37.21373111266408 4.25
  endloop
endfacet
facet normal -6.325250651169977e-06 -2.2218686418679732e-06 0.9999999999775273
  outer loop
    vertex 285.8739627639233 37.21373111266408 4.25
    vertex 287.96484505812333 35.38821371174502 4.25
    vertex 286.0172421782382 37.195630713309555 4.25
  endloop
endfacet
facet normal -6.325250651169977e-06 -2.2218686418679732e-06 0.9999999999775273
  outer loop
    vertex 286.0172421782382 37.195630713309555 4.25
    vertex 287.96484505812333 35.38821371174502 4.25
    vertex 286.1616603731556 37.195630713309555 4.25
  endloop
endfacet
facet normal -6.325250651169977e-06 -2.2218686418679732e-06 0.9999999999775273
  outer loop
    vertex 286.1616603731556 37.195630713309555 4.25
    vertex 287.96484505812333 35.38821371174502 4.25
    vertex 286.30493978747046 37.21373111266408 4.25
  endloop
endfacet
facet normal -6.325250651169977e-06 -2.2218686418679732e-06 0.9999999999775273
  outer loop
    vertex 286.30493978747046 37.21373111266408 4.25
    vertex 287.96484505812333 35.38821371174502 4.25
    vertex 286.444820819228 37.24964645726265 4.25
  endloop
endfacet
facet normal -6.325250651169977e-06 -2.2218686418679732e-06 0.9999999999775273
  outer loop
    vertex 286.444820819228 37.24964645726265 4.25
    vertex 287.96484505812333 35.38821371174502 4.25
    vertex 286.5790974609967 37.30281034066615 4.25
  endloop
endfacet
facet normal -6.325250651169977e-06 -2.2218686418679732e-06 0.9999999999775273
  outer loop
    vertex 286.5790974609967 37.30281034066615 4.25
    vertex 287.96484505812333 35.38821371174502 4.25
    vertex 286.7056520899227 37.372384336674756 4.25
  endloop
endfacet
facet normal -6.325250651169977e-06 -2.2218686418679732e-06 0.9999999999775273
  outer loop
    vertex 286.7056520899227 37.372384336674756 4.25
    vertex 287.96484505812333 35.38821371174502 4.25
    vertex 286.82248886390784 37.45727122180992 4.25
  endloop
endfacet
facet normal -6.325250651169977e-06 -2.2218686418679732e-06 0.9999999999775273
  outer loop
    vertex 286.82248886390784 37.45727122180992 4.25
    vertex 287.96484505812333 35.38821371174502 4.25
    vertex 286.9277651972315 37.556132279184084 4.25
  endloop
endfacet
facet normal -6.325250651169977e-06 -2.2218686418679732e-06 0.9999999999775273
  outer loop
    vertex 286.9277651972315 37.556132279184084 4.25
    vertex 287.96484505812333 35.38821371174502 4.25
    vertex 287.0198208192281 37.667408410865725 4.25
  endloop
endfacet
facet normal -6.325250651169977e-06 -2.2218686418679732e-06 0.9999999999775273
  outer loop
    vertex 287.0198208192281 37.667408410865725 4.25
    vertex 287.96484505812333 35.38821371174502 4.25
    vertex 287.0972039577473 37.7893447257851 4.25
  endloop
endfacet
facet normal -6.325250651169977e-06 -2.2218686418679732e-06 0.9999999999775273
  outer loop
    vertex 287.0972039577473 37.7893447257851 4.25
    vertex 287.96484505812333 35.38821371174502 4.25
    vertex 287.1586942344684 37.92001821541469 4.25
  endloop
endfacet
facet normal -6.325250651169977e-06 -2.2218686418679732e-06 0.9999999999775273
  outer loop
    vertex 287.1586942344684 37.92001821541469 4.25
    vertex 287.96484505812333 35.38821371174502 4.25
    vertex 287.2033219109948 38.05736808076249 4.25
  endloop
endfacet
facet normal -6.325250651169977e-06 -2.2218686418679732e-06 0.9999999999775273
  outer loop
    vertex 287.2033219109948 38.05736808076249 4.25
    vertex 287.96484505812333 35.38821371174502 4.25
    vertex 287.2303831822085 38.19922823240312 4.25
  endloop
endfacet
facet normal -6.325250651169977e-06 -2.2218686418679732e-06 0.9999999999775273
  outer loop
    vertex 287.2303831822085 38.19922823240312 4.25
    vertex 287.96484505812333 35.38821371174502 4.25
    vertex 287.23945127569687 38.34336145100207 4.25
  endloop
endfacet
facet normal -6.325250651169977e-06 -2.2218686418679732e-06 0.9999999999775273
  outer loop
    vertex 287.23945127569687 38.34336145100207 4.25
    vertex 287.96484505812333 35.38821371174502 4.25
    vertex 287.2482650046029 51.77689951489524 4.25
  endloop
endfacet
facet normal -6.325250651169977e-06 -2.2218686418679732e-06 0.9999999999775273
  outer loop
    vertex 287.2482650046029 51.77689951489524 4.25
    vertex 287.96484505812333 35.38821371174502 4.25
    vertex 287.6861236190659 51.950260004254496 4.25
  endloop
endfacet
facet normal -6.325250651169977e-06 -2.2218686418679732e-06 0.9999999999775273
  outer loop
    vertex 287.6861236190659 51.950260004254496 4.25
    vertex 287.96484505812333 35.38821371174502 4.25
    vertex 288.0988017568681 52.17713173036952 4.25
  endloop
endfacet
facet normal -6.325250651169977e-06 -2.2218686418679732e-06 0.9999999999775273
  outer loop
    vertex 288.0988017568681 52.17713173036952 4.25
    vertex 287.96484505812333 35.38821371174502 4.25
    vertex 288.3204352398173 35.646565101286804 4.25
  endloop
endfacet
facet normal -6.325250651169977e-06 -2.2218686418679732e-06 0.9999999999775273
  outer loop
    vertex 288.0988017568681 52.17713173036952 4.25
    vertex 288.3204352398173 35.646565101286804 4.25
    vertex 288.47979123725446 52.45393679059287 4.25
  endloop
endfacet
facet normal -6.325250651169977e-06 -2.2218686418679732e-06 0.9999999999775273
  outer loop
    vertex 288.47979123725446 52.45393679059287 4.25
    vertex 288.3204352398173 35.646565101286804 4.25
    vertex 288.6408414716718 35.94744658025166 4.25
  endloop
endfacet
facet normal -6.325250651169977e-06 -2.2218686418679732e-06 0.9999999999775273
  outer loop
    vertex 288.47979123725446 52.45393679059287 4.25
    vertex 288.6408414716718 35.94744658025166 4.25
    vertex 288.8230836285272 52.776309803769486 4.25
  endloop
endfacet
facet normal -6.325250651169977e-06 -2.2218686418679732e-06 0.9999999999775273
  outer loop
    vertex 288.8230836285272 52.776309803769486 4.25
    vertex 288.6408414716718 35.94744658025166 4.25
    vertex 288.9210107560092 36.28611306797841 4.25
  endloop
endfacet
facet normal -6.325250651169977e-06 -2.2218686418679732e-06 0.9999999999775273
  outer loop
    vertex 288.8230836285272 52.776309803769486 4.25
    vertex 288.9210107560092 36.28611306797841 4.25
    vertex 289.1232650046029 53.13916675490529 4.25
  endloop
endfacet
facet normal -6.325250651169977e-06 -2.2218686418679732e-06 0.9999999999775273
  outer loop
    vertex 289.1232650046029 53.13916675490529 4.25
    vertex 288.9210107560092 36.28611306797841 4.25
    vertex 289.15652465585043 36.657223591646066 4.25
  endloop
endfacet
facet normal -6.325250651169977e-06 -2.2218686418679732e-06 0.9999999999775273
  outer loop
    vertex 289.1232650046029 53.13916675490529 4.25
    vertex 289.15652465585043 36.657223591646066 4.25
    vertex 289.37560132586134 53.536785173120634 4.25
  endloop
endfacet
facet normal -6.325250651169977e-06 -2.2218686418679732e-06 0.9999999999775273
  outer loop
    vertex 289.37560132586134 53.536785173120634 4.25
    vertex 289.15652465585043 36.657223591646066 4.25
    vertex 289.34366897630576 37.05492551660569 4.25
  endloop
endfacet
facet normal -6.325250651169977e-06 -2.2218686418679732e-06 0.9999999999775273
  outer loop
    vertex 289.37560132586134 53.536785173120634 4.25
    vertex 289.34366897630576 37.05492551660569 4.25
    vertex 289.4794923396471 37.47294684592508 4.25
  endloop
endfacet
facet normal -6.325250651169977e-06 -2.2218686418679732e-06 0.9999999999775273
  outer loop
    vertex 289.37560132586134 53.536785173120634 4.25
    vertex 289.4794923396471 37.47294684592508 4.25
    vertex 289.5761130977778 53.96289437843453 4.25
  endloop
endfacet
facet normal -6.325250651169977e-06 -2.2218686418679732e-06 0.9999999999775273
  outer loop
    vertex 289.5761130977778 53.96289437843453 4.25
    vertex 289.4794923396471 37.47294684592508 4.25
    vertex 289.5618527302975 37.904695133527 4.25
  endloop
endfacet
facet normal -6.325250651169977e-06 -2.2218686418679732e-06 0.9999999999775273
  outer loop
    vertex 289.5761130977778 53.96289437843453 4.25
    vertex 289.5618527302975 37.904695133527 4.25
    vertex 289.5894512756969 38.34336145100207 4.25
  endloop
endfacet
facet normal -6.325250651169977e-06 -2.2218686418679732e-06 0.9999999999775273
  outer loop
    vertex 284.08947129503855 33.941532040415396 4.249788593569298
    vertex 281.0877518374876 44.93827155997126 4.250001997836558
    vertex 281.0877516027767 33.9415688294581 4.250001540850242
  endloop
endfacet
facet normal -6.325250651169977e-06 -2.2218686418679732e-06 0.9999999999775273
  outer loop
    vertex 281.0877518374876 44.93827155997126 4.250001997836558
    vertex 284.08947129503855 33.941532040415396 4.249788593569298
    vertex 283.5894712660883 44.93827091748044 4.249999870755198
  endloop
endfacet
facet normal -6.325250651169977e-06 -2.2218686418679732e-06 0.9999999999775273
  outer loop
    vertex 283.5894712660883 44.93827091748044 4.249999870755198
    vertex 284.08947129503855 33.941532040415396 4.249788593569298
    vertex 283.58947137543834 51.59713838637675 4.249999944977614
  endloop
endfacet
facet normal -6.325250651169977e-06 -2.2218686418679732e-06 0.9999999999775273
  outer loop
    vertex 283.58947137543834 51.59713838637675 4.249999944977614
    vertex 284.08947129503855 33.941532040415396 4.249788593569298
    vertex 286.3249157239318 51.60076121939604 4.25
  endloop
endfacet
facet normal -6.325250651169977e-06 -2.2218686418679732e-06 0.9999999999775273
  outer loop
    vertex 286.3249157239318 51.60076121939604 4.25
    vertex 284.08947129503855 33.941532040415396 4.249788593569298
    vertex 284.94851936918525 38.48749466960102 4.25
  endloop
endfacet
facet normal -6.325250651169977e-06 -2.2218686418679732e-06 0.9999999999775273
  outer loop
    vertex 284.94851936918525 38.48749466960102 4.25
    vertex 284.08947129503855 33.941532040415396 4.249788593569298
    vertex 284.93945127569685 38.34336145100207 4.25
  endloop
endfacet
facet normal -6.325250651169977e-06 -2.2218686418679732e-06 0.9999999999775273
  outer loop
    vertex 286.3249157239318 51.60076121939604 4.25
    vertex 284.94851936918525 38.48749466960102 4.25
    vertex 284.97558064039896 38.629354821241655 4.25
  endloop
endfacet
facet normal -6.325250651169977e-06 -2.2218686418679732e-06 0.9999999999775273
  outer loop
    vertex 286.3249157239318 51.60076121939604 4.25
    vertex 284.97558064039896 38.629354821241655 4.25
    vertex 285.0202083169254 38.766704686589456 4.25
  endloop
endfacet
facet normal -6.325250651169977e-06 -2.2218686418679732e-06 0.9999999999775273
  outer loop
    vertex 286.3249157239318 51.60076121939604 4.25
    vertex 285.0202083169254 38.766704686589456 4.25
    vertex 285.0816985936464 38.897378176219036 4.25
  endloop
endfacet
facet normal -6.325250651169977e-06 -2.2218686418679732e-06 0.9999999999775273
  outer loop
    vertex 286.3249157239318 51.60076121939604 4.25
    vertex 285.0816985936464 38.897378176219036 4.25
    vertex 285.1590817321657 39.01931449113842 4.25
  endloop
endfacet
facet normal -6.325250651169977e-06 -2.2218686418679732e-06 0.9999999999775273
  outer loop
    vertex 286.3249157239318 51.60076121939604 4.25
    vertex 285.1590817321657 39.01931449113842 4.25
    vertex 285.25113735416227 39.13059062282006 4.25
  endloop
endfacet
facet normal -6.325250651169977e-06 -2.2218686418679732e-06 0.9999999999775273
  outer loop
    vertex 286.3249157239318 51.60076121939604 4.25
    vertex 285.25113735416227 39.13059062282006 4.25
    vertex 285.3564136874859 39.229451680194224 4.25
  endloop
endfacet
facet normal -6.325250651169977e-06 -2.2218686418679732e-06 0.9999999999775273
  outer loop
    vertex 286.3249157239318 51.60076121939604 4.25
    vertex 285.3564136874859 39.229451680194224 4.25
    vertex 285.473250461471 39.314338565329386 4.25
  endloop
endfacet
facet normal -6.325250651169977e-06 -2.2218686418679732e-06 0.9999999999775273
  outer loop
    vertex 286.3249157239318 51.60076121939604 4.25
    vertex 285.473250461471 39.314338565329386 4.25
    vertex 285.599805090397 39.38391256133799 4.25
  endloop
endfacet
facet normal -6.325250651169977e-06 -2.2218686418679732e-06 0.9999999999775273
  outer loop
    vertex 286.3249157239318 51.60076121939604 4.25
    vertex 285.599805090397 39.38391256133799 4.25
    vertex 285.7340817321657 39.4370764447415 4.25
  endloop
endfacet
facet normal -6.325250651169977e-06 -2.2218686418679732e-06 0.9999999999775273
  outer loop
    vertex 286.3249157239318 51.60076121939604 4.25
    vertex 285.7340817321657 39.4370764447415 4.25
    vertex 285.8739627639233 39.472991789340064 4.25
  endloop
endfacet
facet normal -6.325250651169977e-06 -2.2218686418679732e-06 0.9999999999775273
  outer loop
    vertex 286.3249157239318 51.60076121939604 4.25
    vertex 285.8739627639233 39.472991789340064 4.25
    vertex 286.0172421782382 39.49109218869458 4.25
  endloop
endfacet
facet normal -6.325250651169977e-06 -2.2218686418679732e-06 0.9999999999775273
  outer loop
    vertex 286.3249157239318 51.60076121939604 4.25
    vertex 286.0172421782382 39.49109218869458 4.25
    vertex 286.1616603731556 39.49109218869458 4.25
  endloop
endfacet
facet normal -6.325250651169977e-06 -2.2218686418679732e-06 0.9999999999775273
  outer loop
    vertex 286.3249157239318 51.60076121939604 4.25
    vertex 286.1616603731556 39.49109218869458 4.25
    vertex 286.30493978747046 39.472991789340064 4.25
  endloop
endfacet
facet normal -6.325250651169977e-06 -2.2218686418679732e-06 0.9999999999775273
  outer loop
    vertex 286.3249157239318 51.60076121939604 4.25
    vertex 286.30493978747046 39.472991789340064 4.25
    vertex 286.444820819228 39.4370764447415 4.25
  endloop
endfacet
facet normal -6.325250651169977e-06 -2.2218686418679732e-06 0.9999999999775273
  outer loop
    vertex 286.3249157239318 51.60076121939604 4.25
    vertex 286.444820819228 39.4370764447415 4.25
    vertex 286.79213120539333 51.659784260769484 4.25
  endloop
endfacet
facet normal -6.325250651169977e-06 -2.2218686418679732e-06 0.9999999999775273
  outer loop
    vertex 286.79213120539333 51.659784260769484 4.25
    vertex 286.444820819228 39.4370764447415 4.25
    vertex 286.5790974609967 39.38391256133799 4.25
  endloop
endfacet
facet normal -6.325250651169977e-06 -2.2218686418679732e-06 0.9999999999775273
  outer loop
    vertex 286.79213120539333 51.659784260769484 4.25
    vertex 286.5790974609967 39.38391256133799 4.25
    vertex 286.7056520899227 39.314338565329386 4.25
  endloop
endfacet
facet normal -6.325250651169977e-06 -2.2218686418679732e-06 0.9999999999775273
  outer loop
    vertex 286.79213120539333 51.659784260769484 4.25
    vertex 286.7056520899227 39.314338565329386 4.25
    vertex 286.82248886390784 39.229451680194224 4.25
  endloop
endfacet
facet normal -6.325250651169977e-06 -2.2218686418679732e-06 0.9999999999775273
  outer loop
    vertex 286.79213120539333 51.659784260769484 4.25
    vertex 286.82248886390784 39.229451680194224 4.25
    vertex 287.2482650046029 51.77689951489524 4.25
  endloop
endfacet
facet normal -6.325250651169977e-06 -2.2218686418679732e-06 0.9999999999775273
  outer loop
    vertex 287.2482650046029 51.77689951489524 4.25
    vertex 286.82248886390784 39.229451680194224 4.25
    vertex 286.9277651972315 39.13059062282006 4.25
  endloop
endfacet
facet normal -6.325250651169977e-06 -2.2218686418679732e-06 0.9999999999775273
  outer loop
    vertex 287.2482650046029 51.77689951489524 4.25
    vertex 286.9277651972315 39.13059062282006 4.25
    vertex 287.0198208192281 39.01931449113842 4.25
  endloop
endfacet
facet normal -6.325250651169977e-06 -2.2218686418679732e-06 0.9999999999775273
  outer loop
    vertex 287.2482650046029 51.77689951489524 4.25
    vertex 287.0198208192281 39.01931449113842 4.25
    vertex 287.0972039577473 38.897378176219036 4.25
  endloop
endfacet
facet normal -6.325250651169977e-06 -2.2218686418679732e-06 0.9999999999775273
  outer loop
    vertex 287.2482650046029 51.77689951489524 4.25
    vertex 287.0972039577473 38.897378176219036 4.25
    vertex 287.1586942344684 38.766704686589456 4.25
  endloop
endfacet
facet normal -6.325250651169977e-06 -2.2218686418679732e-06 0.9999999999775273
  outer loop
    vertex 287.2482650046029 51.77689951489524 4.25
    vertex 287.1586942344684 38.766704686589456 4.25
    vertex 287.2033219109948 38.629354821241655 4.25
  endloop
endfacet
facet normal -6.325250651169977e-06 -2.2218686418679732e-06 0.9999999999775273
  outer loop
    vertex 287.2482650046029 51.77689951489524 4.25
    vertex 287.2033219109948 38.629354821241655 4.25
    vertex 287.2303831822085 38.48749466960102 4.25
  endloop
endfacet
facet normal -6.325250651169977e-06 -2.2218686418679732e-06 0.9999999999775273
  outer loop
    vertex 287.2482650046029 51.77689951489524 4.25
    vertex 287.2303831822085 38.48749466960102 4.25
    vertex 287.23945127569687 38.34336145100207 4.25
  endloop
endfacet
facet normal 0.0006811559477639713 -0.7840556739574368 -0.6206901289385266
  outer loop
    vertex 284.08945125268633 25.14652855797141 2.7688046458971916
    vertex 281.08779783278237 26.346475781315103 1.2499946262209451
    vertex 284.08205317650805 26.35165156565799 1.2497816781366125
  endloop
endfacet
facet normal 0.0006811559477639713 -0.7840556739574368 -0.6206901289385266
  outer loop
    vertex 281.08779783278237 26.346475781315103 1.2499946262209451
    vertex 284.08945125268633 25.14652855797141 2.7688046458971916
    vertex 281.0877516027767 25.14656534773052 2.7690175939815243
  endloop
endfacet
facet normal -0.3681245526846875 -0.9297764858882478 0.0
  outer loop
    vertex 286.5790974609967 39.38391256133799 4.25
    vertex 286.44482161338505 39.43707720027103 0.7500174632356593
    vertex 286.57909825515367 39.38391331686752 0.7500174632356593
  endloop
endfacet
facet normal -0.3681245526846875 -0.9297764858882478 0.0
  outer loop
    vertex 286.44482161338505 39.43707720027103 0.7500174632356593
    vertex 286.5790974609967 39.38391256133799 4.25
    vertex 286.444820819228 39.4370764447415 4.25
  endloop
endfacet
facet normal 0.9510565162951532 -0.3090169943749488 0.0
  outer loop
    vertex 284.9755814345559 38.62935557677118 0.7500174632356593
    vertex 285.0202083169254 38.766704686589456 4.25
    vertex 284.97558064039896 38.629354821241655 4.25
  endloop
endfacet
facet normal 0.9510565162951532 -0.3090169943749488 0.0
  outer loop
    vertex 285.0202083169254 38.766704686589456 4.25
    vertex 284.9755814345559 38.62935557677118 0.7500174632356593
    vertex 285.02020911108235 38.766705442118976 0.7500174632356593
  endloop
endfacet
facet normal 0.9048270524660184 -0.42577929156507527 0.0
  outer loop
    vertex 285.02020911108235 38.766705442118976 0.7500174632356593
    vertex 285.0816985936464 38.897378176219036 4.25
    vertex 285.0202083169254 38.766704686589456 4.25
  endloop
endfacet
facet normal 0.9048270524660184 -0.42577929156507527 0.0
  outer loop
    vertex 285.0816985936464 38.897378176219036 4.25
    vertex 285.02020911108235 38.766705442118976 0.7500174632356593
    vertex 285.0816993878034 38.89737893174856 0.7500174632356593
  endloop
endfacet
facet normal 0.8443279255020198 -0.5358267949789891 0.0
  outer loop
    vertex 285.0816993878034 38.89737893174856 0.7500174632356593
    vertex 285.1590817321657 39.01931449113842 4.25
    vertex 285.0816985936464 38.897378176219036 4.25
  endloop
endfacet
facet normal 0.8443279255020198 -0.5358267949789891 0.0
  outer loop
    vertex 285.1590817321657 39.01931449113842 4.25
    vertex 285.0816993878034 38.89737893174856 0.7500174632356593
    vertex 285.1590825263226 39.019315246667944 0.7500174632356593
  endloop
endfacet
facet normal 0.7705132427757836 -0.6374239897486967 0.0
  outer loop
    vertex 285.1590825263226 39.019315246667944 0.7500174632356593
    vertex 285.25113735416227 39.13059062282006 4.25
    vertex 285.1590817321657 39.01931449113842 4.25
  endloop
endfacet
facet normal 0.7705132427757836 -0.6374239897486967 0.0
  outer loop
    vertex 285.25113735416227 39.13059062282006 4.25
    vertex 285.1590825263226 39.019315246667944 0.7500174632356593
    vertex 285.2511381483192 39.130591378349585 0.7500174632356593
  endloop
endfacet
facet normal 0.684547105928689 -0.7289686274214113 0.0
  outer loop
    vertex 285.3564136874859 39.229451680194224 4.25
    vertex 285.2511381483192 39.130591378349585 0.7500174632356593
    vertex 285.35641448164284 39.22945243572375 0.7500174632356593
  endloop
endfacet
facet normal 0.684547105928689 -0.7289686274214113 0.0
  outer loop
    vertex 285.2511381483192 39.130591378349585 0.7500174632356593
    vertex 285.3564136874859 39.229451680194224 4.25
    vertex 285.25113735416227 39.13059062282006 4.25
  endloop
endfacet
facet normal -0.48175367410171693 0.8763066800438627 0.0
  outer loop
    vertex 286.5790974609967 37.30281034066615 4.25
    vertex 286.7056528840797 37.372385092204276 0.7500174632356593
    vertex 286.57909825515367 37.302811096195676 0.7500174632356593
  endloop
endfacet
facet normal -0.48175367410171693 0.8763066800438627 0.0
  outer loop
    vertex 286.7056528840797 37.372385092204276 0.7500174632356593
    vertex 286.5790974609967 37.30281034066615 4.25
    vertex 286.7056520899227 37.372384336674756 4.25
  endloop
endfacet
facet normal 0.481753674101706 -0.8763066800438689 0.0
  outer loop
    vertex 285.599805090397 39.38391256133799 4.25
    vertex 285.473251255628 39.31433932085891 0.7500174632356593
    vertex 285.59980588455403 39.38391331686752 0.7500174632356593
  endloop
endfacet
facet normal 0.481753674101706 -0.8763066800438689 0.0
  outer loop
    vertex 285.473251255628 39.31433932085891 0.7500174632356593
    vertex 285.599805090397 39.38391256133799 4.25
    vertex 285.473250461471 39.314338565329386 4.25
  endloop
endfacet
facet normal -0.36812455268465705 0.9297764858882599 0.0
  outer loop
    vertex 286.444820819228 37.24964645726265 4.25
    vertex 286.57909825515367 37.302811096195676 0.7500174632356593
    vertex 286.44482161338505 37.24964721279217 0.7500174632356593
  endloop
endfacet
facet normal -0.36812455268465705 0.9297764858882599 0.0
  outer loop
    vertex 286.57909825515367 37.302811096195676 0.7500174632356593
    vertex 286.444820819228 37.24964645726265 4.25
    vertex 286.5790974609967 37.30281034066615 4.25
  endloop
endfacet
facet normal -0.24868988716487872 0.968583161128625 0.0
  outer loop
    vertex 286.30493978747046 37.21373111266408 4.25
    vertex 286.44482161338505 37.24964721279217 0.7500174632356593
    vertex 286.3049405816274 37.213731868193605 0.7500174632356593
  endloop
endfacet
facet normal -0.24868988716487872 0.968583161128625 0.0
  outer loop
    vertex 286.44482161338505 37.24964721279217 0.7500174632356593
    vertex 286.30493978747046 37.21373111266408 4.25
    vertex 286.444820819228 37.24964645726265 4.25
  endloop
endfacet
facet normal -0.12533323356430437 0.992114701314478 0.0
  outer loop
    vertex 286.1616603731556 37.195630713309555 4.25
    vertex 286.3049405816274 37.213731868193605 0.7500174632356593
    vertex 286.16166116731256 37.19563146883908 0.7500174632356593
  endloop
endfacet
facet normal -0.12533323356430437 0.992114701314478 0.0
  outer loop
    vertex 286.3049405816274 37.213731868193605 0.7500174632356593
    vertex 286.1616603731556 37.195630713309555 4.25
    vertex 286.30493978747046 37.21373111266408 4.25
  endloop
endfacet
facet normal 0.0 1.0 0.0
  outer loop
    vertex 286.0172421782382 37.195630713309555 4.25
    vertex 286.16166116731256 37.19563146883908 0.7500174632356593
    vertex 286.01724297239514 37.19563146883908 0.7500174632356593
  endloop
endfacet
facet normal 0.0 1.0 0.0
  outer loop
    vertex 286.16166116731256 37.19563146883908 0.7500174632356593
    vertex 286.0172421782382 37.195630713309555 4.25
    vertex 286.1616603731556 37.195630713309555 4.25
  endloop
endfacet
facet normal 0.12533323356430437 0.992114701314478 0.0
  outer loop
    vertex 285.8739627639233 37.21373111266408 4.25
    vertex 286.01724297239514 37.19563146883908 0.7500174632356593
    vertex 285.8739635580802 37.213731868193605 0.7500174632356593
  endloop
endfacet
facet normal 0.12533323356430437 0.992114701314478 0.0
  outer loop
    vertex 286.01724297239514 37.19563146883908 0.7500174632356593
    vertex 285.8739627639233 37.21373111266408 4.25
    vertex 286.0172421782382 37.195630713309555 4.25
  endloop
endfacet
facet normal 0.24868988716487866 0.9685831611286251 0.0
  outer loop
    vertex 285.7340817321657 37.24964645726265 4.25
    vertex 285.8739635580802 37.213731868193605 0.7500174632356593
    vertex 285.73408252632265 37.24964721279217 0.7500174632356593
  endloop
endfacet
facet normal 0.24868988716487866 0.9685831611286251 0.0
  outer loop
    vertex 285.8739635580802 37.213731868193605 0.7500174632356593
    vertex 285.7340817321657 37.24964645726265 4.25
    vertex 285.8739627639233 37.21373111266408 4.25
  endloop
endfacet
facet normal 0.36812455268465705 0.9297764858882599 0.0
  outer loop
    vertex 285.599805090397 37.30281034066615 4.25
    vertex 285.73408252632265 37.24964721279217 0.7500174632356593
    vertex 285.59980588455403 37.302811096195676 0.7500174632356593
  endloop
endfacet
facet normal 0.36812455268465705 0.9297764858882599 0.0
  outer loop
    vertex 285.73408252632265 37.24964721279217 0.7500174632356593
    vertex 285.599805090397 37.30281034066615 4.25
    vertex 285.7340817321657 37.24964645726265 4.25
  endloop
endfacet
facet normal -0.8443279255020277 0.5358267949789767 0.0
  outer loop
    vertex 287.0972039577473 37.7893447257851 4.25
    vertex 287.01982161338503 37.66740916639525 0.7500174632356593
    vertex 287.0198208192281 37.667408410865725 4.25
  endloop
endfacet
facet normal -0.8443279255020277 0.5358267949789767 0.0
  outer loop
    vertex 287.01982161338503 37.66740916639525 0.7500174632356593
    vertex 287.0972039577473 37.7893447257851 4.25
    vertex 287.09720475190426 37.789345481314626 0.7500174632356593
  endloop
endfacet
facet normal -0.904827052466011 0.42577929156509087 0.0
  outer loop
    vertex 287.1586942344684 37.92001821541469 4.25
    vertex 287.09720475190426 37.789345481314626 0.7500174632356593
    vertex 287.0972039577473 37.7893447257851 4.25
  endloop
endfacet
facet normal -0.904827052466011 0.42577929156509087 0.0
  outer loop
    vertex 287.09720475190426 37.789345481314626 0.7500174632356593
    vertex 287.1586942344684 37.92001821541469 4.25
    vertex 287.1586950286253 37.92001897094422 0.7500174632356593
  endloop
endfacet
facet normal -0.7705132427757733 0.6374239897487093 0.0
  outer loop
    vertex 287.0198208192281 37.667408410865725 4.25
    vertex 286.92776599138847 37.5561330347136 0.7500174632356593
    vertex 286.9277651972315 37.556132279184084 4.25
  endloop
endfacet
facet normal -0.7705132427757733 0.6374239897487093 0.0
  outer loop
    vertex 286.92776599138847 37.5561330347136 0.7500174632356593
    vertex 287.0198208192281 37.667408410865725 4.25
    vertex 287.01982161338503 37.66740916639525 0.7500174632356593
  endloop
endfacet
facet normal -5.758942226123898e-05 -0.6374239886916695 -0.7705132414980688
  outer loop
    vertex 284.08945125268633 28.83591821128327 6.056793119778653
    vertex 281.0877516027767 28.695650313269855 6.173076199945614
    vertex 281.0877516027767 28.835955001042368 6.057006067862987
  endloop
endfacet
facet normal -5.758942226123898e-05 -0.6374239886916695 -0.7705132414980688
  outer loop
    vertex 281.0877516027767 28.695650313269855 6.173076199945614
    vertex 284.08945125268633 28.83591821128327 6.056793119778653
    vertex 284.08945125268633 28.695613523510758 6.17286325186128
  endloop
endfacet
facet normal -5.758942226123898e-05 -0.6374239886916695 -0.7705132414980688
  outer loop
    vertex 284.08945125268633 28.695613523510758 6.17286325186128
    vertex 284.08945125268633 28.83591821128327 6.056793119778653
    vertex 284.08945125268633 28.788823701872314 6.095753086223677
  endloop
endfacet
facet normal -5.3109195735064435e-06 0.9685831611149709 -0.24868988716134924
  outer loop
    vertex 281.0877516027767 26.41904518388917 5.271704464251241
    vertex 284.08945125268633 26.4642929590587 5.44786325186128
    vertex 284.08945125268633 26.419008394130074 5.271491516166907
  endloop
endfacet
facet normal -5.3109195735064435e-06 0.9685831611149709 -0.24868988716134924
  outer loop
    vertex 284.08945125268633 26.4642929590587 5.44786325186128
    vertex 281.0877516027767 26.41904518388917 5.271704464251241
    vertex 281.0877516027767 26.464329748817796 5.448076199945613
  endloop
endfacet
facet normal -1.3559335075595319e-05 0.9297764858027808 -0.36812455265083266
  outer loop
    vertex 281.0877516027767 26.464329748817796 5.448076199945613
    vertex 284.08945125268633 26.53132568161094 5.617168582786961
    vertex 284.08945125268633 26.4642929590587 5.44786325186128
  endloop
endfacet
facet normal -1.3559335075595319e-05 0.9297764858027808 -0.36812455265083266
  outer loop
    vertex 284.08945125268633 26.53132568161094 5.617168582786961
    vertex 281.0877516027767 26.464329748817796 5.448076199945613
    vertex 281.0877516027767 26.531362471370038 5.617381530871295
  endloop
endfacet
facet normal -3.0212523040209852e-06 -0.9921147013099497 0.12533323356373355
  outer loop
    vertex 284.08945125268633 29.290463663907662 4.908742356700102
    vertex 281.0877516027767 29.267678211002366 4.72829865195264
    vertex 284.08945125268633 29.26764142124327 4.728085703868306
  endloop
endfacet
facet normal -3.0212523040209852e-06 -0.9921147013099497 0.12533323356373355
  outer loop
    vertex 281.0877516027767 29.267678211002366 4.72829865195264
    vertex 284.08945125268633 29.290463663907662 4.908742356700102
    vertex 281.0877516027767 29.29050045366676 4.908955304784436
  endloop
endfacet
facet normal 5.310919573507259e-06 -0.9685831611149709 0.24868988716134924
  outer loop
    vertex 284.08945125268633 29.26764142124327 4.728085703868306
    vertex 281.0877516027767 29.222393646073737 4.5519269162582665
    vertex 284.08945125268633 29.22235685631464 4.551713968173933
  endloop
endfacet
facet normal 5.310919573507259e-06 -0.9685831611149709 0.24868988716134924
  outer loop
    vertex 281.0877516027767 29.222393646073737 4.5519269162582665
    vertex 284.08945125268633 29.26764142124327 4.728085703868306
    vertex 281.0877516027767 29.267678211002366 4.72829865195264
  endloop
endfacet
facet normal -2.159391176113493e-05 0.8763066798395499 -0.481753673989403
  outer loop
    vertex 281.0877516027767 26.531362471370038 5.617381530871295
    vertex 284.08945125268633 26.61904941570875 5.776737462737152
    vertex 284.08945125268633 26.53132568161094 5.617168582786961
  endloop
endfacet
facet normal -2.159391176113493e-05 0.8763066798395499 -0.481753673989403
  outer loop
    vertex 284.08945125268633 26.61904941570875 5.776737462737152
    vertex 281.0877516027767 26.531362471370038 5.617381530871295
    vertex 281.0877516027767 26.61908620546785 5.7769504108214855
  endloop
endfacet
facet normal -2.9287939554708783e-05 0.8090169940279754 -0.5877852520403652
  outer loop
    vertex 281.0877516027767 26.61908620546785 5.7769504108214855
    vertex 284.08945125268633 26.726080705661776 5.924053395153207
    vertex 284.08945125268633 26.61904941570875 5.776737462737152
  endloop
endfacet
facet normal -2.9287939554708783e-05 0.8090169940279754 -0.5877852520403652
  outer loop
    vertex 284.08945125268633 26.726080705661776 5.924053395153207
    vertex 281.0877516027767 26.61908620546785 5.7769504108214855
    vertex 281.0877516027767 26.726117495420873 5.92426634323754
  endloop
endfacet
facet normal 0.0 -1.0 0.0
  outer loop
    vertex 286.1616603731556 39.49109218869458 4.25
    vertex 286.01724297239514 39.49109294422411 0.7500174632356593
    vertex 286.16166116731256 39.49109294422411 0.7500174632356593
  endloop
endfacet
facet normal 0.0 -1.0 0.0
  outer loop
    vertex 286.01724297239514 39.49109294422411 0.7500174632356593
    vertex 286.1616603731556 39.49109218869458 4.25
    vertex 286.0172421782382 39.49109218869458 4.25
  endloop
endfacet
facet normal 0.24868988716486037 -0.9685831611286297 0.0
  outer loop
    vertex 285.8739627639233 39.472991789340064 4.25
    vertex 285.73408252632265 39.43707720027103 0.7500174632356593
    vertex 285.8739635580802 39.47299254486959 0.7500174632356593
  endloop
endfacet
facet normal 0.24868988716486037 -0.9685831611286297 0.0
  outer loop
    vertex 285.73408252632265 39.43707720027103 0.7500174632356593
    vertex 285.8739627639233 39.472991789340064 4.25
    vertex 285.7340817321657 39.4370764447415 4.25
  endloop
endfacet
facet normal 0.1253332335642851 -0.9921147013144802 0.0
  outer loop
    vertex 286.0172421782382 39.49109218869458 4.25
    vertex 285.8739635580802 39.47299254486959 0.7500174632356593
    vertex 286.01724297239514 39.49109294422411 0.7500174632356593
  endloop
endfacet
facet normal 0.1253332335642851 -0.9921147013144802 0.0
  outer loop
    vertex 285.8739635580802 39.47299254486959 0.7500174632356593
    vertex 286.0172421782382 39.49109218869458 4.25
    vertex 285.8739627639233 39.472991789340064 4.25
  endloop
endfacet
facet normal -0.6845471059286938 -0.7289686274214068 0.0
  outer loop
    vertex 286.9277651972315 39.13059062282006 4.25
    vertex 286.82248965806485 39.22945243572375 0.7500174632356593
    vertex 286.92776599138847 39.130591378349585 0.7500174632356593
  endloop
endfacet
facet normal -0.6845471059286938 -0.7289686274214068 0.0
  outer loop
    vertex 286.82248965806485 39.22945243572375 0.7500174632356593
    vertex 286.9277651972315 39.13059062282006 4.25
    vertex 286.82248886390784 39.229451680194224 4.25
  endloop
endfacet
facet normal 0.9999999538903608 -0.0003036725966824751 1.4935385216135403e-06
  outer loop
    vertex 289.5866726769813 44.85134925688359 0.7500029143415136
    vertex 289.5894513228785 54.00394506034404 1.2499999999999978
    vertex 289.586671930006 44.851348492666176 1.249985451105852
  endloop
endfacet
facet normal 0.9999999538903608 -0.0003036725966824751 1.4935385216135403e-06
  outer loop
    vertex 289.5894513228785 54.00394506034404 1.2499999999999978
    vertex 289.5866726769813 44.85134925688359 0.7500029143415136
    vertex 289.5894520698538 54.00394582456145 0.7500174632356593
  endloop
endfacet
facet normal 1.4940027504798874e-06 1.5284882037476511e-06 -0.9999999999977158
  outer loop
    vertex 276.5894520184409 59.093362214396 0.7500174059145207
    vertex 278.73117666437287 56.090080409253666 0.7500174059145207
    vertex 276.5894520184409 51.593362214396016 0.7500174059145207
  endloop
endfacet
facet normal 1.4940027504798874e-06 1.5284882037476511e-06 -0.9999999999977158
  outer loop
    vertex 278.73117666437287 56.090080409253666 0.7500174059145207
    vertex 276.5894520184409 59.093362214396 0.7500174059145207
    vertex 278.83547567715976 56.25442935544934 0.7500174059145207
  endloop
endfacet
facet normal 1.4940027504798874e-06 1.5284882037476511e-06 -0.9999999999977158
  outer loop
    vertex 278.83547567715976 56.25442935544934 0.7500174059145207
    vertex 276.5894520184409 59.093362214396 0.7500174059145207
    vertex 278.95955064593767 56.404410228585476 0.7500174059145207
  endloop
endfacet
facet normal 1.4940027504798874e-06 1.5284882037476511e-06 -0.9999999999977158
  outer loop
    vertex 278.95955064593767 56.404410228585476 0.7500174059145207
    vertex 276.5894520184409 59.093362214396 0.7500174059145207
    vertex 279.10144483433044 56.537657740698485 0.7500174059145207
  endloop
endfacet
facet normal 1.4940027504798874e-06 1.5284882037476511e-06 -0.9999999999977158
  outer loop
    vertex 279.10144483433044 56.537657740698485 0.7500174059145207
    vertex 276.5894520184409 59.093362214396 0.7500174059145207
    vertex 279.2589204862235 56.652070498924125 0.7500174059145207
  endloop
endfacet
facet normal 1.4940027504798874e-06 1.5284882037476511e-06 -0.9999999999977158
  outer loop
    vertex 279.2589204862235 56.652070498924125 0.7500174059145207
    vertex 276.5894520184409 59.093362214396 0.7500174059145207
    vertex 279.429494116515 56.74584414571834 0.7500174059145207
  endloop
endfacet
facet normal 1.4940027504798874e-06 1.5284882037476511e-06 -0.9999999999977158
  outer loop
    vertex 279.429494116515 56.74584414571834 0.7500174059145207
    vertex 276.5894520184409 59.093362214396 0.7500174059145207
    vertex 279.61047567715974 56.817499814653495 0.7500174059145207
  endloop
endfacet
facet normal 1.4940027504798874e-06 1.5284882037476511e-06 -0.9999999999977158
  outer loop
    vertex 279.61047567715974 56.817499814653495 0.7500174059145207
    vertex 276.5894520184409 59.093362214396 0.7500174059145207
    vertex 286.32491651808874 59.08596243813762 0.7500174632356593
  endloop
endfacet
facet normal 1.4940027504798874e-06 1.5284882037476511e-06 -0.9999999999977158
  outer loop
    vertex 276.5894520184409 51.593362214396016 0.7500174059145207
    vertex 278.73117666437287 56.090080409253666 0.7500174059145207
    vertex 278.6482984653141 55.91395527105726 0.7500174059145207
  endloop
endfacet
facet normal 1.4940027504798874e-06 1.5284882037476511e-06 -0.9999999999977158
  outer loop
    vertex 276.5894520184409 51.593362214396016 0.7500174059145207
    vertex 278.6482984653141 55.91395527105726 0.7500174059145207
    vertex 278.5881481186915 55.72883153950153 0.7500174059145207
  endloop
endfacet
facet normal 1.4940027504798874e-06 1.5284882037476511e-06 -0.9999999999977158
  outer loop
    vertex 276.5894520184409 51.593362214396016 0.7500174059145207
    vertex 278.5881481186915 55.72883153950153 0.7500174059145207
    vertex 278.55167423140347 55.53762872642068 0.7500174059145207
  endloop
endfacet
facet normal 1.4940027504798874e-06 1.5284882037476511e-06 -0.9999999999977158
  outer loop
    vertex 276.5894520184409 51.593362214396016 0.7500174059145207
    vertex 278.55167423140347 55.53762872642068 0.7500174059145207
    vertex 278.5394520184409 55.34336221439601 0.7500174059145207
  endloop
endfacet
facet normal 1.4940027504798874e-06 1.5284882037476511e-06 -0.9999999999977158
  outer loop
    vertex 279.61047567715974 56.817499814653495 0.7500174059145207
    vertex 286.32491651808874 59.08596243813762 0.7500174632356593
    vertex 279.79901098083303 56.86590745302548 0.7500174059145207
  endloop
endfacet
facet normal 1.4940027504798874e-06 1.5284882037476511e-06 -0.9999999999977158
  outer loop
    vertex 279.79901098083303 56.86590745302548 0.7500174059145207
    vertex 286.32491651808874 59.08596243813762 0.7500174632356593
    vertex 279.9921267131704 56.89030364345982 0.7500174059145207
  endloop
endfacet
facet normal 1.4940027504798874e-06 1.5284882037476511e-06 -0.9999999999977158
  outer loop
    vertex 279.9921267131704 56.89030364345982 0.7500174059145207
    vertex 286.32491651808874 59.08596243813762 0.7500174632356593
    vertex 280.18677732371134 56.89030364345982 0.7500174059145207
  endloop
endfacet
facet normal 1.4940027504798874e-06 1.5284882037476511e-06 -0.9999999999977158
  outer loop
    vertex 280.18677732371134 56.89030364345982 0.7500174059145207
    vertex 286.32491651808874 59.08596243813762 0.7500174632356593
    vertex 280.3798930560488 56.86590745302548 0.7500174059145207
  endloop
endfacet
facet normal 1.4940027504798874e-06 1.5284882037476511e-06 -0.9999999999977158
  outer loop
    vertex 280.3798930560488 56.86590745302548 0.7500174059145207
    vertex 286.32491651808874 59.08596243813762 0.7500174632356593
    vertex 280.5684283597221 56.817499814653495 0.7500174059145207
  endloop
endfacet
facet normal 1.4940027504798874e-06 1.5284882037476511e-06 -0.9999999999977158
  outer loop
    vertex 280.5684283597221 56.817499814653495 0.7500174059145207
    vertex 286.32491651808874 59.08596243813762 0.7500174632356593
    vertex 280.74940992036676 56.74584414571834 0.7500174059145207
  endloop
endfacet
facet normal 1.4940027504798874e-06 1.5284882037476511e-06 -0.9999999999977158
  outer loop
    vertex 280.74940992036676 56.74584414571834 0.7500174059145207
    vertex 286.32491651808874 59.08596243813762 0.7500174632356593
    vertex 280.9199835506583 56.652070498924125 0.7500174059145207
  endloop
endfacet
facet normal 1.4940027504798874e-06 1.5284882037476511e-06 -0.9999999999977158
  outer loop
    vertex 280.9199835506583 56.652070498924125 0.7500174059145207
    vertex 286.32491651808874 59.08596243813762 0.7500174632356593
    vertex 281.0774592025514 56.537657740698485 0.7500174059145207
  endloop
endfacet
facet normal 1.4940027504798874e-06 1.5284882037476511e-06 -0.9999999999977158
  outer loop
    vertex 281.0774592025514 56.537657740698485 0.7500174059145207
    vertex 286.32491651808874 59.08596243813762 0.7500174632356593
    vertex 281.2193533909441 56.404410228585476 0.7500174059145207
  endloop
endfacet
facet normal 1.4940027504798874e-06 1.5284882037476511e-06 -0.9999999999977158
  outer loop
    vertex 281.2193533909441 56.404410228585476 0.7500174059145207
    vertex 286.32491651808874 59.08596243813762 0.7500174632356593
    vertex 281.34342835972205 56.25442935544934 0.7500174059145207
  endloop
endfacet
facet normal 1.4940027504798874e-06 1.5284882037476511e-06 -0.9999999999977158
  outer loop
    vertex 281.34342835972205 56.25442935544934 0.7500174059145207
    vertex 286.32491651808874 59.08596243813762 0.7500174632356593
    vertex 281.4477273725089 56.090080409253666 0.7500174059145207
  endloop
endfacet
facet normal 1.4940027504798874e-06 1.5284882037476511e-06 -0.9999999999977158
  outer loop
    vertex 281.4477273725089 56.090080409253666 0.7500174059145207
    vertex 286.32491651808874 59.08596243813762 0.7500174632356593
    vertex 281.5306055715677 55.91395527105726 0.7500174059145207
  endloop
endfacet
facet normal 1.4940027504798874e-06 1.5284882037476511e-06 -0.9999999999977158
  outer loop
    vertex 281.5306055715677 55.91395527105726 0.7500174059145207
    vertex 286.32491651808874 59.08596243813762 0.7500174632356593
    vertex 281.59075591819027 55.72883153950153 0.7500174059145207
  endloop
endfacet
facet normal 1.4940027504798874e-06 1.5284882037476511e-06 -0.9999999999977158
  outer loop
    vertex 281.59075591819027 55.72883153950153 0.7500174059145207
    vertex 286.32491651808874 59.08596243813762 0.7500174632356593
    vertex 281.6272298054783 55.53762872642068 0.7500174059145207
  endloop
endfacet
facet normal 1.4940027504798874e-06 1.5284882037476511e-06 -0.9999999999977158
  outer loop
    vertex 281.6272298054783 55.53762872642068 0.7500174059145207
    vertex 286.32491651808874 59.08596243813762 0.7500174632356593
    vertex 281.63945201844086 55.34336221439601 0.7500174059145207
  endloop
endfacet
facet normal 1.4940027504798874e-06 1.5284882037476511e-06 -0.9999999999977158
  outer loop
    vertex 281.63945201844086 55.34336221439601 0.7500174059145207
    vertex 286.32491651808874 59.08596243813762 0.7500174632356593
    vertex 285.02020911108235 55.76670544211897 0.7500174632356593
  endloop
endfacet
facet normal 1.4940027504798874e-06 1.5284882037476511e-06 -0.9999999999977158
  outer loop
    vertex 281.63945201844086 55.34336221439601 0.7500174059145207
    vertex 285.02020911108235 55.76670544211897 0.7500174632356593
    vertex 283.5894709658725 51.59713897936633 0.7500176448358972
  endloop
endfacet
facet normal 1.4940027504798874e-06 1.5284882037476511e-06 -0.9999999999977158
  outer loop
    vertex 283.5894709658725 51.59713897936633 0.7500176448358972
    vertex 285.02020911108235 55.76670544211897 0.7500174632356593
    vertex 284.9755814345559 55.62935557677118 0.7500174632356593
  endloop
endfacet
facet normal 1.4940027504798874e-06 1.5284882037476511e-06 -0.9999999999977158
  outer loop
    vertex 283.5894709658725 51.59713897936633 0.7500176448358972
    vertex 284.9755814345559 55.62935557677118 0.7500174632356593
    vertex 284.94852016334215 55.48749542513055 0.7500174632356593
  endloop
endfacet
facet normal 1.4940027504798874e-06 1.5284882037476511e-06 -0.9999999999977158
  outer loop
    vertex 283.5894709658725 51.59713897936633 0.7500176448358972
    vertex 284.94852016334215 55.48749542513055 0.7500174632356593
    vertex 284.9394520698538 55.343362206531594 0.7500174632356593
  endloop
endfacet
facet normal 1.4940027504798874e-06 1.5284882037476511e-06 -0.9999999999977158
  outer loop
    vertex 283.5894709658725 51.59713897936633 0.7500176448358972
    vertex 284.9394520698538 55.343362206531594 0.7500174632356593
    vertex 284.08818495482006 32.624643832377004 0.7499111668833698
  endloop
endfacet
facet normal 1.4940027504798874e-06 1.5284882037476511e-06 -0.9999999999977158
  outer loop
    vertex 283.5894709658725 51.59713897936633 0.7500176448358972
    vertex 284.08818495482006 32.624643832377004 0.7499111668833698
    vertex 284.08205392348333 26.351652329875396 0.7497991413722741
  endloop
endfacet
facet normal 1.4940027504798874e-06 1.5284882037476511e-06 -0.9999999999977158
  outer loop
    vertex 285.02020911108235 55.76670544211897 0.7500174632356593
    vertex 286.32491651808874 59.08596243813762 0.7500174632356593
    vertex 285.0816993878034 55.89737893174857 0.7500174632356593
  endloop
endfacet
facet normal 1.4940027504798874e-06 1.5284882037476511e-06 -0.9999999999977158
  outer loop
    vertex 285.0816993878034 55.89737893174857 0.7500174632356593
    vertex 286.32491651808874 59.08596243813762 0.7500174632356593
    vertex 285.1590825263226 56.01931524666793 0.7500174632356593
  endloop
endfacet
facet normal 1.4940027504798874e-06 1.5284882037476511e-06 -0.9999999999977158
  outer loop
    vertex 285.1590825263226 56.01931524666793 0.7500174632356593
    vertex 286.32491651808874 59.08596243813762 0.7500174632356593
    vertex 285.2511381483192 56.130591378349585 0.7500174632356593
  endloop
endfacet
facet normal 1.4940027504798874e-06 1.5284882037476511e-06 -0.9999999999977158
  outer loop
    vertex 285.2511381483192 56.130591378349585 0.7500174632356593
    vertex 286.32491651808874 59.08596243813762 0.7500174632356593
    vertex 285.35641448164284 56.22945243572376 0.7500174632356593
  endloop
endfacet
facet normal 1.4940027504798874e-06 1.5284882037476511e-06 -0.9999999999977158
  outer loop
    vertex 285.35641448164284 56.22945243572376 0.7500174632356593
    vertex 286.32491651808874 59.08596243813762 0.7500174632356593
    vertex 285.473251255628 56.31433932085891 0.7500174632356593
  endloop
endfacet
facet normal 1.4940027504798874e-06 1.5284882037476511e-06 -0.9999999999977158
  outer loop
    vertex 285.473251255628 56.31433932085891 0.7500174632356593
    vertex 286.32491651808874 59.08596243813762 0.7500174632356593
    vertex 285.59980588455403 56.38391331686752 0.7500174632356593
  endloop
endfacet
facet normal 1.4940027504798874e-06 1.5284882037476511e-06 -0.9999999999977158
  outer loop
    vertex 285.59980588455403 56.38391331686752 0.7500174632356593
    vertex 286.32491651808874 59.08596243813762 0.7500174632356593
    vertex 285.73408252632265 56.43707720027102 0.7500174632356593
  endloop
endfacet
facet normal 1.4940027504798874e-06 1.5284882037476511e-06 -0.9999999999977158
  outer loop
    vertex 285.73408252632265 56.43707720027102 0.7500174632356593
    vertex 286.32491651808874 59.08596243813762 0.7500174632356593
    vertex 285.8739635580802 56.47299254486958 0.7500174632356593
  endloop
endfacet
facet normal 1.4940027504798874e-06 1.5284882037476511e-06 -0.9999999999977158
  outer loop
    vertex 285.8739635580802 56.47299254486958 0.7500174632356593
    vertex 286.32491651808874 59.08596243813762 0.7500174632356593
    vertex 286.01724297239514 56.491092944224114 0.7500174632356593
  endloop
endfacet
facet normal 1.4940027504798874e-06 1.5284882037476511e-06 -0.9999999999977158
  outer loop
    vertex 286.01724297239514 56.491092944224114 0.7500174632356593
    vertex 286.32491651808874 59.08596243813762 0.7500174632356593
    vertex 286.16166116731256 56.491092944224114 0.7500174632356593
  endloop
endfacet
facet normal 1.4940027504798874e-06 1.5284882037476511e-06 -0.9999999999977158
  outer loop
    vertex 286.16166116731256 56.491092944224114 0.7500174632356593
    vertex 286.32491651808874 59.08596243813762 0.7500174632356593
    vertex 286.3049405816274 56.47299254486958 0.7500174632356593
  endloop
endfacet
facet normal 1.4940027504798874e-06 1.5284882037476511e-06 -0.9999999999977158
  outer loop
    vertex 286.3049405816274 56.47299254486958 0.7500174632356593
    vertex 286.32491651808874 59.08596243813762 0.7500174632356593
    vertex 286.44482161338505 56.43707720027102 0.7500174632356593
  endloop
endfacet
facet normal 1.4940027504798874e-06 1.5284882037476511e-06 -0.9999999999977158
  outer loop
    vertex 286.44482161338505 56.43707720027102 0.7500174632356593
    vertex 286.32491651808874 59.08596243813762 0.7500174632356593
    vertex 286.7921319995503 59.02693939676418 0.7500174632356593
  endloop
endfacet
facet normal 1.4940027504798874e-06 1.5284882037476511e-06 -0.9999999999977158
  outer loop
    vertex 286.44482161338505 56.43707720027102 0.7500174632356593
    vertex 286.7921319995503 59.02693939676418 0.7500174632356593
    vertex 286.57909825515367 56.38391331686752 0.7500174632356593
  endloop
endfacet
facet normal 1.4940027504798874e-06 1.5284882037476511e-06 -0.9999999999977158
  outer loop
    vertex 286.57909825515367 56.38391331686752 0.7500174632356593
    vertex 286.7921319995503 59.02693939676418 0.7500174632356593
    vertex 286.7056528840797 56.31433932085891 0.7500174632356593
  endloop
endfacet
facet normal 1.4940027504798874e-06 1.5284882037476511e-06 -0.9999999999977158
  outer loop
    vertex 286.7056528840797 56.31433932085891 0.7500174632356593
    vertex 286.7921319995503 59.02693939676418 0.7500174632356593
    vertex 286.82248965806485 56.22945243572376 0.7500174632356593
  endloop
endfacet
facet normal 1.4940027504798874e-06 1.5284882037476511e-06 -0.9999999999977158
  outer loop
    vertex 286.82248965806485 56.22945243572376 0.7500174632356593
    vertex 286.7921319995503 59.02693939676418 0.7500174632356593
    vertex 287.24826579875986 58.90982414263843 0.7500174632356593
  endloop
endfacet
facet normal 1.4940027504798874e-06 1.5284882037476511e-06 -0.9999999999977158
  outer loop
    vertex 286.82248965806485 56.22945243572376 0.7500174632356593
    vertex 287.24826579875986 58.90982414263843 0.7500174632356593
    vertex 286.92776599138847 56.130591378349585 0.7500174632356593
  endloop
endfacet
facet normal 1.4940027504798874e-06 1.5284882037476511e-06 -0.9999999999977158
  outer loop
    vertex 286.92776599138847 56.130591378349585 0.7500174632356593
    vertex 287.24826579875986 58.90982414263843 0.7500174632356593
    vertex 287.01982161338503 56.01931524666793 0.7500174632356593
  endloop
endfacet
facet normal 1.4940027504798874e-06 1.5284882037476511e-06 -0.9999999999977158
  outer loop
    vertex 287.01982161338503 56.01931524666793 0.7500174632356593
    vertex 287.24826579875986 58.90982414263843 0.7500174632356593
    vertex 287.09720475190426 55.89737893174857 0.7500174632356593
  endloop
endfacet
facet normal 1.4940027504798874e-06 1.5284882037476511e-06 -0.9999999999977158
  outer loop
    vertex 287.09720475190426 55.89737893174857 0.7500174632356593
    vertex 287.24826579875986 58.90982414263843 0.7500174632356593
    vertex 287.1586950286253 55.76670544211897 0.7500174632356593
  endloop
endfacet
facet normal 1.4940027504798874e-06 1.5284882037476511e-06 -0.9999999999977158
  outer loop
    vertex 287.1586950286253 55.76670544211897 0.7500174632356593
    vertex 287.24826579875986 58.90982414263843 0.7500174632356593
    vertex 287.2033227051518 55.62935557677118 0.7500174632356593
  endloop
endfacet
facet normal 1.4940027504798874e-06 1.5284882037476511e-06 -0.9999999999977158
  outer loop
    vertex 287.2033227051518 55.62935557677118 0.7500174632356593
    vertex 287.24826579875986 58.90982414263843 0.7500174632356593
    vertex 287.2303839763655 55.48749542513055 0.7500174632356593
  endloop
endfacet
facet normal 1.4940027504798874e-06 1.5284882037476511e-06 -0.9999999999977158
  outer loop
    vertex 287.2303839763655 55.48749542513055 0.7500174632356593
    vertex 287.24826579875986 58.90982414263843 0.7500174632356593
    vertex 287.2394520698539 55.343362206531594 0.7500174632356593
  endloop
endfacet
facet normal 1.4940027504798874e-06 1.5284882037476511e-06 -0.9999999999977158
  outer loop
    vertex 287.2394520698539 55.343362206531594 0.7500174632356593
    vertex 287.24826579875986 58.90982414263843 0.7500174632356593
    vertex 287.2394520698539 38.343362206531594 0.7500174632356593
  endloop
endfacet
facet normal 1.4940027504798874e-06 1.5284882037476511e-06 -0.9999999999977158
  outer loop
    vertex 289.57611389193477 56.723829279099135 0.7500174632356593
    vertex 289.5894520698538 54.00394582456145 0.7500174632356593
    vertex 289.5866726769813 44.85134925688359 0.7500029143415136
  endloop
endfacet
facet normal 1.4940027504798874e-06 1.5284882037476511e-06 -0.9999999999977158
  outer loop
    vertex 289.5894520698538 54.00394582456145 0.7500174632356593
    vertex 289.57611389193477 56.723829279099135 0.7500174632356593
    vertex 289.72163892408616 56.2759492833998 0.7500174632356593
  endloop
endfacet
facet normal 1.4940027504798874e-06 1.5284882037476511e-06 -0.9999999999977158
  outer loop
    vertex 289.5894520698538 54.00394582456145 0.7500174632356593
    vertex 289.72163892408616 56.2759492833998 0.7500174632356593
    vertex 289.72163892408616 54.41077512966339 0.7500174632356593
  endloop
endfacet
facet normal 1.4940027504798874e-06 1.5284882037476511e-06 -0.9999999999977158
  outer loop
    vertex 289.72163892408616 54.41077512966339 0.7500174632356593
    vertex 289.72163892408616 56.2759492833998 0.7500174632356593
    vertex 289.8098821997831 55.81336183239774 0.7500174632356593
  endloop
endfacet
facet normal 1.4940027504798874e-06 1.5284882037476511e-06 -0.9999999999977158
  outer loop
    vertex 289.72163892408616 54.41077512966339 0.7500174632356593
    vertex 289.8098821997831 55.81336183239774 0.7500174632356593
    vertex 289.8098821997831 54.87336258066545 0.7500174632356593
  endloop
endfacet
facet normal 1.4940027504798874e-06 1.5284882037476511e-06 -0.9999999999977158
  outer loop
    vertex 289.8098821997831 54.87336258066545 0.7500174632356593
    vertex 289.8098821997831 55.81336183239774 0.7500174632356593
    vertex 289.8394520698538 55.343362206531594 0.7500174632356593
  endloop
endfacet
facet normal 1.4940027504798874e-06 1.5284882037476511e-06 -0.9999999999977158
  outer loop
    vertex 284.08818495482006 32.624643832377004 0.7499111668833698
    vertex 285.35641448164284 37.457271977339445 0.7500174632356593
    vertex 287.9648458522803 35.388214467274544 0.7500174632356593
  endloop
endfacet
facet normal 1.4940027504798874e-06 1.5284882037476511e-06 -0.9999999999977158
  outer loop
    vertex 285.35641448164284 37.457271977339445 0.7500174632356593
    vertex 284.08818495482006 32.624643832377004 0.7499111668833698
    vertex 285.2511381483192 37.5561330347136 0.7500174632356593
  endloop
endfacet
facet normal 1.4940027504798874e-06 1.5284882037476511e-06 -0.9999999999977158
  outer loop
    vertex 285.2511381483192 37.5561330347136 0.7500174632356593
    vertex 284.08818495482006 32.624643832377004 0.7499111668833698
    vertex 285.1590825263226 37.66740916639525 0.7500174632356593
  endloop
endfacet
facet normal 1.4940027504798874e-06 1.5284882037476511e-06 -0.9999999999977158
  outer loop
    vertex 285.1590825263226 37.66740916639525 0.7500174632356593
    vertex 284.08818495482006 32.624643832377004 0.7499111668833698
    vertex 285.0816993878034 37.789345481314626 0.7500174632356593
  endloop
endfacet
facet normal 1.4940027504798874e-06 1.5284882037476511e-06 -0.9999999999977158
  outer loop
    vertex 285.0816993878034 37.789345481314626 0.7500174632356593
    vertex 284.08818495482006 32.624643832377004 0.7499111668833698
    vertex 285.02020911108235 37.92001897094422 0.7500174632356593
  endloop
endfacet
facet normal 1.4940027504798874e-06 1.5284882037476511e-06 -0.9999999999977158
  outer loop
    vertex 285.02020911108235 37.92001897094422 0.7500174632356593
    vertex 284.08818495482006 32.624643832377004 0.7499111668833698
    vertex 284.9755814345559 38.057368836292014 0.7500174632356593
  endloop
endfacet
facet normal 1.4940027504798874e-06 1.5284882037476511e-06 -0.9999999999977158
  outer loop
    vertex 284.9755814345559 38.057368836292014 0.7500174632356593
    vertex 284.08818495482006 32.624643832377004 0.7499111668833698
    vertex 284.94852016334215 38.19922898793265 0.7500174632356593
  endloop
endfacet
facet normal 1.4940027504798874e-06 1.5284882037476511e-06 -0.9999999999977158
  outer loop
    vertex 284.94852016334215 38.19922898793265 0.7500174632356593
    vertex 284.08818495482006 32.624643832377004 0.7499111668833698
    vertex 284.9394520698538 38.343362206531594 0.7500174632356593
  endloop
endfacet
facet normal 1.4940027504798874e-06 1.5284882037476511e-06 -0.9999999999977158
  outer loop
    vertex 284.9394520698538 38.343362206531594 0.7500174632356593
    vertex 284.08818495482006 32.624643832377004 0.7499111668833698
    vertex 284.9394520698538 55.343362206531594 0.7500174632356593
  endloop
endfacet
facet normal 1.4940027504798874e-06 1.5284882037476511e-06 -0.9999999999977158
  outer loop
    vertex 287.9648458522803 35.388214467274544 0.7500174632356593
    vertex 285.35641448164284 37.457271977339445 0.7500174632356593
    vertex 285.473251255628 37.372385092204276 0.7500174632356593
  endloop
endfacet
facet normal 1.4940027504798874e-06 1.5284882037476511e-06 -0.9999999999977158
  outer loop
    vertex 287.9648458522803 35.388214467274544 0.7500174632356593
    vertex 285.473251255628 37.372385092204276 0.7500174632356593
    vertex 285.59980588455403 37.302811096195676 0.7500174632356593
  endloop
endfacet
facet normal 1.4940027504798874e-06 1.5284882037476511e-06 -0.9999999999977158
  outer loop
    vertex 287.9648458522803 35.388214467274544 0.7500174632356593
    vertex 285.59980588455403 37.302811096195676 0.7500174632356593
    vertex 285.73408252632265 37.24964721279217 0.7500174632356593
  endloop
endfacet
facet normal 1.4940027504798874e-06 1.5284882037476511e-06 -0.9999999999977158
  outer loop
    vertex 287.9648458522803 35.388214467274544 0.7500174632356593
    vertex 285.73408252632265 37.24964721279217 0.7500174632356593
    vertex 285.8739635580802 37.213731868193605 0.7500174632356593
  endloop
endfacet
facet normal 1.4940027504798874e-06 1.5284882037476511e-06 -0.9999999999977158
  outer loop
    vertex 287.9648458522803 35.388214467274544 0.7500174632356593
    vertex 285.8739635580802 37.213731868193605 0.7500174632356593
    vertex 286.01724297239514 37.19563146883908 0.7500174632356593
  endloop
endfacet
facet normal 1.4940027504798874e-06 1.5284882037476511e-06 -0.9999999999977158
  outer loop
    vertex 287.9648458522803 35.388214467274544 0.7500174632356593
    vertex 286.01724297239514 37.19563146883908 0.7500174632356593
    vertex 286.16166116731256 37.19563146883908 0.7500174632356593
  endloop
endfacet
facet normal 1.4940027504798874e-06 1.5284882037476511e-06 -0.9999999999977158
  outer loop
    vertex 287.9648458522803 35.388214467274544 0.7500174632356593
    vertex 286.16166116731256 37.19563146883908 0.7500174632356593
    vertex 286.3049405816274 37.213731868193605 0.7500174632356593
  endloop
endfacet
facet normal 1.4940027504798874e-06 1.5284882037476511e-06 -0.9999999999977158
  outer loop
    vertex 287.9648458522803 35.388214467274544 0.7500174632356593
    vertex 286.3049405816274 37.213731868193605 0.7500174632356593
    vertex 286.44482161338505 37.24964721279217 0.7500174632356593
  endloop
endfacet
facet normal 1.4940027504798874e-06 1.5284882037476511e-06 -0.9999999999977158
  outer loop
    vertex 287.9648458522803 35.388214467274544 0.7500174632356593
    vertex 286.44482161338505 37.24964721279217 0.7500174632356593
    vertex 286.57909825515367 37.302811096195676 0.7500174632356593
  endloop
endfacet
facet normal 1.4940027504798874e-06 1.5284882037476511e-06 -0.9999999999977158
  outer loop
    vertex 287.9648458522803 35.388214467274544 0.7500174632356593
    vertex 286.57909825515367 37.302811096195676 0.7500174632356593
    vertex 286.7056528840797 37.372385092204276 0.7500174632356593
  endloop
endfacet
facet normal 1.4940027504798874e-06 1.5284882037476511e-06 -0.9999999999977158
  outer loop
    vertex 287.9648458522803 35.388214467274544 0.7500174632356593
    vertex 286.7056528840797 37.372385092204276 0.7500174632356593
    vertex 286.82248965806485 37.457271977339445 0.7500174632356593
  endloop
endfacet
facet normal 1.4940027504798874e-06 1.5284882037476511e-06 -0.9999999999977158
  outer loop
    vertex 287.9648458522803 35.388214467274544 0.7500174632356593
    vertex 286.82248965806485 37.457271977339445 0.7500174632356593
    vertex 286.92776599138847 37.5561330347136 0.7500174632356593
  endloop
endfacet
facet normal 1.4940027504798874e-06 1.5284882037476511e-06 -0.9999999999977158
  outer loop
    vertex 287.9648458522803 35.388214467274544 0.7500174632356593
    vertex 286.92776599138847 37.5561330347136 0.7500174632356593
    vertex 287.01982161338503 37.66740916639525 0.7500174632356593
  endloop
endfacet
facet normal 1.4940027504798874e-06 1.5284882037476511e-06 -0.9999999999977158
  outer loop
    vertex 287.9648458522803 35.388214467274544 0.7500174632356593
    vertex 287.01982161338503 37.66740916639525 0.7500174632356593
    vertex 287.09720475190426 37.789345481314626 0.7500174632356593
  endloop
endfacet
facet normal 1.4940027504798874e-06 1.5284882037476511e-06 -0.9999999999977158
  outer loop
    vertex 287.9648458522803 35.388214467274544 0.7500174632356593
    vertex 287.09720475190426 37.789345481314626 0.7500174632356593
    vertex 287.1586950286253 37.92001897094422 0.7500174632356593
  endloop
endfacet
facet normal 1.4940027504798874e-06 1.5284882037476511e-06 -0.9999999999977158
  outer loop
    vertex 287.9648458522803 35.388214467274544 0.7500174632356593
    vertex 287.1586950286253 37.92001897094422 0.7500174632356593
    vertex 287.2033227051518 38.057368836292014 0.7500174632356593
  endloop
endfacet
facet normal 1.4940027504798874e-06 1.5284882037476511e-06 -0.9999999999977158
  outer loop
    vertex 287.9648458522803 35.388214467274544 0.7500174632356593
    vertex 287.2033227051518 38.057368836292014 0.7500174632356593
    vertex 287.2303839763655 38.19922898793265 0.7500174632356593
  endloop
endfacet
facet normal 1.4940027504798874e-06 1.5284882037476511e-06 -0.9999999999977158
  outer loop
    vertex 287.9648458522803 35.388214467274544 0.7500174632356593
    vertex 287.2303839763655 38.19922898793265 0.7500174632356593
    vertex 287.2394520698539 38.343362206531594 0.7500174632356593
  endloop
endfacet
facet normal 1.4940027504798874e-06 1.5284882037476511e-06 -0.9999999999977158
  outer loop
    vertex 287.9648458522803 35.388214467274544 0.7500174632356593
    vertex 287.2394520698539 38.343362206531594 0.7500174632356593
    vertex 287.24826579875986 58.90982414263843 0.7500174632356593
  endloop
endfacet
facet normal 1.4940027504798874e-06 1.5284882037476511e-06 -0.9999999999977158
  outer loop
    vertex 287.9648458522803 35.388214467274544 0.7500174632356593
    vertex 287.24826579875986 58.90982414263843 0.7500174632356593
    vertex 287.6861244132229 58.73646365327917 0.7500174632356593
  endloop
endfacet
facet normal 1.4940027504798874e-06 1.5284882037476511e-06 -0.9999999999977158
  outer loop
    vertex 287.9648458522803 35.388214467274544 0.7500174632356593
    vertex 287.6861244132229 58.73646365327917 0.7500174632356593
    vertex 288.0988025510251 58.50959192716415 0.7500174632356593
  endloop
endfacet
facet normal 1.4940027504798874e-06 1.5284882037476511e-06 -0.9999999999977158
  outer loop
    vertex 287.9648458522803 35.388214467274544 0.7500174632356593
    vertex 288.0988025510251 58.50959192716415 0.7500174632356593
    vertex 288.32043603397426 35.64656585681633 0.7500174632356593
  endloop
endfacet
facet normal 1.4940027504798874e-06 1.5284882037476511e-06 -0.9999999999977158
  outer loop
    vertex 288.32043603397426 35.64656585681633 0.7500174632356593
    vertex 288.0988025510251 58.50959192716415 0.7500174632356593
    vertex 288.4797920314114 58.2327868669408 0.7500174632356593
  endloop
endfacet
facet normal 1.4940027504798874e-06 1.5284882037476511e-06 -0.9999999999977158
  outer loop
    vertex 288.32043603397426 35.64656585681633 0.7500174632356593
    vertex 288.4797920314114 58.2327868669408 0.7500174632356593
    vertex 288.6408422658288 35.947447335781185 0.7500174632356593
  endloop
endfacet
facet normal 1.4940027504798874e-06 1.5284882037476511e-06 -0.9999999999977158
  outer loop
    vertex 288.6408422658288 35.947447335781185 0.7500174632356593
    vertex 288.4797920314114 58.2327868669408 0.7500174632356593
    vertex 288.82308442268413 57.91041385376418 0.7500174632356593
  endloop
endfacet
facet normal 1.4940027504798874e-06 1.5284882037476511e-06 -0.9999999999977158
  outer loop
    vertex 288.6408422658288 35.947447335781185 0.7500174632356593
    vertex 288.82308442268413 57.91041385376418 0.7500174632356593
    vertex 288.92101155016616 36.28611382350794 0.7500174632356593
  endloop
endfacet
facet normal 1.4940027504798874e-06 1.5284882037476511e-06 -0.9999999999977158
  outer loop
    vertex 288.92101155016616 36.28611382350794 0.7500174632356593
    vertex 288.82308442268413 57.91041385376418 0.7500174632356593
    vertex 289.1232657987599 57.54755690262837 0.7500174632356593
  endloop
endfacet
facet normal 1.4940027504798874e-06 1.5284882037476511e-06 -0.9999999999977158
  outer loop
    vertex 288.92101155016616 36.28611382350794 0.7500174632356593
    vertex 289.1232657987599 57.54755690262837 0.7500174632356593
    vertex 289.15652545000734 36.65722434717559 0.7500174632356593
  endloop
endfacet
facet normal 1.4940027504798874e-06 1.5284882037476511e-06 -0.9999999999977158
  outer loop
    vertex 289.15652545000734 36.65722434717559 0.7500174632356593
    vertex 289.1232657987599 57.54755690262837 0.7500174632356593
    vertex 289.3756021200183 57.14993848441303 0.7500174632356593
  endloop
endfacet
facet normal 1.4940027504798874e-06 1.5284882037476511e-06 -0.9999999999977158
  outer loop
    vertex 289.15652545000734 36.65722434717559 0.7500174632356593
    vertex 289.3756021200183 57.14993848441303 0.7500174632356593
    vertex 289.3436697704627 37.05492627213522 0.7500174632356593
  endloop
endfacet
facet normal 1.4940027504798874e-06 1.5284882037476511e-06 -0.9999999999977158
  outer loop
    vertex 289.3436697704627 37.05492627213522 0.7500174632356593
    vertex 289.3756021200183 57.14993848441303 0.7500174632356593
    vertex 289.47949313380406 37.47294760145461 0.7500174632356593
  endloop
endfacet
facet normal 1.4940027504798874e-06 1.5284882037476511e-06 -0.9999999999977158
  outer loop
    vertex 289.47949313380406 37.47294760145461 0.7500174632356593
    vertex 289.3756021200183 57.14993848441303 0.7500174632356593
    vertex 289.57611389193477 56.723829279099135 0.7500174632356593
  endloop
endfacet
facet normal 1.4940027504798874e-06 1.5284882037476511e-06 -0.9999999999977158
  outer loop
    vertex 289.47949313380406 37.47294760145461 0.7500174632356593
    vertex 289.57611389193477 56.723829279099135 0.7500174632356593
    vertex 289.56185352445453 37.904695889056526 0.7500174632356593
  endloop
endfacet
facet normal 1.4940027504798874e-06 1.5284882037476511e-06 -0.9999999999977158
  outer loop
    vertex 289.56185352445453 37.904695889056526 0.7500174632356593
    vertex 289.57611389193477 56.723829279099135 0.7500174632356593
    vertex 289.5894520698538 38.343362206531594 0.7500174632356593
  endloop
endfacet
facet normal 1.4940027504798874e-06 1.5284882037476511e-06 -0.9999999999977158
  outer loop
    vertex 289.5894520698538 38.343362206531594 0.7500174632356593
    vertex 289.57611389193477 56.723829279099135 0.7500174632356593
    vertex 289.5866726769813 44.85134925688359 0.7500029143415136
  endloop
endfacet
facet normal 1.4940027504798874e-06 1.5284882037476511e-06 -0.9999999999977158
  outer loop
    vertex 284.94852016334215 55.19922898793264 0.7500174632356593
    vertex 284.9394520698538 38.343362206531594 0.7500174632356593
    vertex 284.9394520698538 55.343362206531594 0.7500174632356593
  endloop
endfacet
facet normal 1.4940027504798874e-06 1.5284882037476511e-06 -0.9999999999977158
  outer loop
    vertex 284.9394520698538 38.343362206531594 0.7500174632356593
    vertex 284.94852016334215 55.19922898793264 0.7500174632356593
    vertex 284.94852016334215 38.48749542513054 0.7500174632356593
  endloop
endfacet
facet normal 1.4940027504798874e-06 1.5284882037476511e-06 -0.9999999999977158
  outer loop
    vertex 284.94852016334215 38.48749542513054 0.7500174632356593
    vertex 284.94852016334215 55.19922898793264 0.7500174632356593
    vertex 284.9755814345559 55.05736883629201 0.7500174632356593
  endloop
endfacet
facet normal 1.4940027504798874e-06 1.5284882037476511e-06 -0.9999999999977158
  outer loop
    vertex 284.94852016334215 38.48749542513054 0.7500174632356593
    vertex 284.9755814345559 55.05736883629201 0.7500174632356593
    vertex 284.9755814345559 38.62935557677118 0.7500174632356593
  endloop
endfacet
facet normal 1.4940027504798874e-06 1.5284882037476511e-06 -0.9999999999977158
  outer loop
    vertex 284.9755814345559 38.62935557677118 0.7500174632356593
    vertex 284.9755814345559 55.05736883629201 0.7500174632356593
    vertex 285.02020911108235 54.92001897094422 0.7500174632356593
  endloop
endfacet
facet normal 1.4940027504798874e-06 1.5284882037476511e-06 -0.9999999999977158
  outer loop
    vertex 284.9755814345559 38.62935557677118 0.7500174632356593
    vertex 285.02020911108235 54.92001897094422 0.7500174632356593
    vertex 285.02020911108235 38.766705442118976 0.7500174632356593
  endloop
endfacet
facet normal 1.4940027504798874e-06 1.5284882037476511e-06 -0.9999999999977158
  outer loop
    vertex 285.02020911108235 38.766705442118976 0.7500174632356593
    vertex 285.02020911108235 54.92001897094422 0.7500174632356593
    vertex 285.0816993878034 54.789345481314626 0.7500174632356593
  endloop
endfacet
facet normal 1.4940027504798874e-06 1.5284882037476511e-06 -0.9999999999977158
  outer loop
    vertex 285.02020911108235 38.766705442118976 0.7500174632356593
    vertex 285.0816993878034 54.789345481314626 0.7500174632356593
    vertex 285.0816993878034 38.89737893174856 0.7500174632356593
  endloop
endfacet
facet normal 1.4940027504798874e-06 1.5284882037476511e-06 -0.9999999999977158
  outer loop
    vertex 285.0816993878034 38.89737893174856 0.7500174632356593
    vertex 285.0816993878034 54.789345481314626 0.7500174632356593
    vertex 285.1590825263226 54.66740916639526 0.7500174632356593
  endloop
endfacet
facet normal 1.4940027504798874e-06 1.5284882037476511e-06 -0.9999999999977158
  outer loop
    vertex 285.0816993878034 38.89737893174856 0.7500174632356593
    vertex 285.1590825263226 54.66740916639526 0.7500174632356593
    vertex 285.1590825263226 39.019315246667944 0.7500174632356593
  endloop
endfacet
facet normal 1.4940027504798874e-06 1.5284882037476511e-06 -0.9999999999977158
  outer loop
    vertex 285.1590825263226 39.019315246667944 0.7500174632356593
    vertex 285.1590825263226 54.66740916639526 0.7500174632356593
    vertex 285.2511381483192 54.5561330347136 0.7500174632356593
  endloop
endfacet
facet normal 1.4940027504798874e-06 1.5284882037476511e-06 -0.9999999999977158
  outer loop
    vertex 285.1590825263226 39.019315246667944 0.7500174632356593
    vertex 285.2511381483192 54.5561330347136 0.7500174632356593
    vertex 285.2511381483192 39.130591378349585 0.7500174632356593
  endloop
endfacet
facet normal 1.4940027504798874e-06 1.5284882037476511e-06 -0.9999999999977158
  outer loop
    vertex 285.2511381483192 39.130591378349585 0.7500174632356593
    vertex 285.2511381483192 54.5561330347136 0.7500174632356593
    vertex 285.35641448164284 54.45727197733944 0.7500174632356593
  endloop
endfacet
facet normal 1.4940027504798874e-06 1.5284882037476511e-06 -0.9999999999977158
  outer loop
    vertex 285.2511381483192 39.130591378349585 0.7500174632356593
    vertex 285.35641448164284 54.45727197733944 0.7500174632356593
    vertex 285.35641448164284 39.22945243572375 0.7500174632356593
  endloop
endfacet
facet normal 1.4940027504798874e-06 1.5284882037476511e-06 -0.9999999999977158
  outer loop
    vertex 285.35641448164284 39.22945243572375 0.7500174632356593
    vertex 285.35641448164284 54.45727197733944 0.7500174632356593
    vertex 285.473251255628 54.372385092204276 0.7500174632356593
  endloop
endfacet
facet normal 1.4940027504798874e-06 1.5284882037476511e-06 -0.9999999999977158
  outer loop
    vertex 285.35641448164284 39.22945243572375 0.7500174632356593
    vertex 285.473251255628 54.372385092204276 0.7500174632356593
    vertex 285.473251255628 39.31433932085891 0.7500174632356593
  endloop
endfacet
facet normal 1.4940027504798874e-06 1.5284882037476511e-06 -0.9999999999977158
  outer loop
    vertex 285.473251255628 39.31433932085891 0.7500174632356593
    vertex 285.473251255628 54.372385092204276 0.7500174632356593
    vertex 285.59980588455403 54.30281109619567 0.7500174632356593
  endloop
endfacet
facet normal 1.4940027504798874e-06 1.5284882037476511e-06 -0.9999999999977158
  outer loop
    vertex 285.473251255628 39.31433932085891 0.7500174632356593
    vertex 285.59980588455403 54.30281109619567 0.7500174632356593
    vertex 285.59980588455403 39.38391331686752 0.7500174632356593
  endloop
endfacet
facet normal 1.4940027504798874e-06 1.5284882037476511e-06 -0.9999999999977158
  outer loop
    vertex 285.59980588455403 39.38391331686752 0.7500174632356593
    vertex 285.59980588455403 54.30281109619567 0.7500174632356593
    vertex 285.73408252632265 54.24964721279217 0.7500174632356593
  endloop
endfacet
facet normal 1.4940027504798874e-06 1.5284882037476511e-06 -0.9999999999977158
  outer loop
    vertex 285.59980588455403 39.38391331686752 0.7500174632356593
    vertex 285.73408252632265 54.24964721279217 0.7500174632356593
    vertex 285.73408252632265 39.43707720027103 0.7500174632356593
  endloop
endfacet
facet normal 1.4940027504798874e-06 1.5284882037476511e-06 -0.9999999999977158
  outer loop
    vertex 285.73408252632265 39.43707720027103 0.7500174632356593
    vertex 285.73408252632265 54.24964721279217 0.7500174632356593
    vertex 285.8739635580802 54.21373186819361 0.7500174632356593
  endloop
endfacet
facet normal 1.4940027504798874e-06 1.5284882037476511e-06 -0.9999999999977158
  outer loop
    vertex 285.73408252632265 39.43707720027103 0.7500174632356593
    vertex 285.8739635580802 54.21373186819361 0.7500174632356593
    vertex 285.8739635580802 39.47299254486959 0.7500174632356593
  endloop
endfacet
facet normal 1.4940027504798874e-06 1.5284882037476511e-06 -0.9999999999977158
  outer loop
    vertex 285.8739635580802 39.47299254486959 0.7500174632356593
    vertex 285.8739635580802 54.21373186819361 0.7500174632356593
    vertex 286.01724297239514 54.19563146883908 0.7500174632356593
  endloop
endfacet
facet normal 1.4940027504798874e-06 1.5284882037476511e-06 -0.9999999999977158
  outer loop
    vertex 285.8739635580802 39.47299254486959 0.7500174632356593
    vertex 286.01724297239514 54.19563146883908 0.7500174632356593
    vertex 286.01724297239514 39.49109294422411 0.7500174632356593
  endloop
endfacet
facet normal 1.4940027504798874e-06 1.5284882037476511e-06 -0.9999999999977158
  outer loop
    vertex 286.01724297239514 39.49109294422411 0.7500174632356593
    vertex 286.01724297239514 54.19563146883908 0.7500174632356593
    vertex 286.16166116731256 54.19563146883908 0.7500174632356593
  endloop
endfacet
facet normal 1.4940027504798874e-06 1.5284882037476511e-06 -0.9999999999977158
  outer loop
    vertex 286.01724297239514 39.49109294422411 0.7500174632356593
    vertex 286.16166116731256 54.19563146883908 0.7500174632356593
    vertex 286.16166116731256 39.49109294422411 0.7500174632356593
  endloop
endfacet
facet normal 1.4940027504798874e-06 1.5284882037476511e-06 -0.9999999999977158
  outer loop
    vertex 286.16166116731256 39.49109294422411 0.7500174632356593
    vertex 286.16166116731256 54.19563146883908 0.7500174632356593
    vertex 286.3049405816274 54.21373186819361 0.7500174632356593
  endloop
endfacet
facet normal 1.4940027504798874e-06 1.5284882037476511e-06 -0.9999999999977158
  outer loop
    vertex 286.16166116731256 39.49109294422411 0.7500174632356593
    vertex 286.3049405816274 54.21373186819361 0.7500174632356593
    vertex 286.3049405816274 39.47299254486959 0.7500174632356593
  endloop
endfacet
facet normal 1.4940027504798874e-06 1.5284882037476511e-06 -0.9999999999977158
  outer loop
    vertex 286.3049405816274 39.47299254486959 0.7500174632356593
    vertex 286.3049405816274 54.21373186819361 0.7500174632356593
    vertex 286.44482161338505 54.24964721279217 0.7500174632356593
  endloop
endfacet
facet normal 1.4940027504798874e-06 1.5284882037476511e-06 -0.9999999999977158
  outer loop
    vertex 286.3049405816274 39.47299254486959 0.7500174632356593
    vertex 286.44482161338505 54.24964721279217 0.7500174632356593
    vertex 286.44482161338505 39.43707720027103 0.7500174632356593
  endloop
endfacet
facet normal 1.4940027504798874e-06 1.5284882037476511e-06 -0.9999999999977158
  outer loop
    vertex 286.44482161338505 39.43707720027103 0.7500174632356593
    vertex 286.44482161338505 54.24964721279217 0.7500174632356593
    vertex 286.57909825515367 54.30281109619567 0.7500174632356593
  endloop
endfacet
facet normal 1.4940027504798874e-06 1.5284882037476511e-06 -0.9999999999977158
  outer loop
    vertex 286.44482161338505 39.43707720027103 0.7500174632356593
    vertex 286.57909825515367 54.30281109619567 0.7500174632356593
    vertex 286.57909825515367 39.38391331686752 0.7500174632356593
  endloop
endfacet
facet normal 1.4940027504798874e-06 1.5284882037476511e-06 -0.9999999999977158
  outer loop
    vertex 286.57909825515367 39.38391331686752 0.7500174632356593
    vertex 286.57909825515367 54.30281109619567 0.7500174632356593
    vertex 286.7056528840797 54.372385092204276 0.7500174632356593
  endloop
endfacet
facet normal 1.4940027504798874e-06 1.5284882037476511e-06 -0.9999999999977158
  outer loop
    vertex 286.57909825515367 39.38391331686752 0.7500174632356593
    vertex 286.7056528840797 54.372385092204276 0.7500174632356593
    vertex 286.7056528840797 39.31433932085891 0.7500174632356593
  endloop
endfacet
facet normal 1.4940027504798874e-06 1.5284882037476511e-06 -0.9999999999977158
  outer loop
    vertex 286.7056528840797 39.31433932085891 0.7500174632356593
    vertex 286.7056528840797 54.372385092204276 0.7500174632356593
    vertex 286.82248965806485 54.45727197733944 0.7500174632356593
  endloop
endfacet
facet normal 1.4940027504798874e-06 1.5284882037476511e-06 -0.9999999999977158
  outer loop
    vertex 286.7056528840797 39.31433932085891 0.7500174632356593
    vertex 286.82248965806485 54.45727197733944 0.7500174632356593
    vertex 286.82248965806485 39.22945243572375 0.7500174632356593
  endloop
endfacet
facet normal 1.4940027504798874e-06 1.5284882037476511e-06 -0.9999999999977158
  outer loop
    vertex 286.82248965806485 39.22945243572375 0.7500174632356593
    vertex 286.82248965806485 54.45727197733944 0.7500174632356593
    vertex 286.92776599138847 54.5561330347136 0.7500174632356593
  endloop
endfacet
facet normal 1.4940027504798874e-06 1.5284882037476511e-06 -0.9999999999977158
  outer loop
    vertex 286.82248965806485 39.22945243572375 0.7500174632356593
    vertex 286.92776599138847 54.5561330347136 0.7500174632356593
    vertex 286.92776599138847 39.130591378349585 0.7500174632356593
  endloop
endfacet
facet normal 1.4940027504798874e-06 1.5284882037476511e-06 -0.9999999999977158
  outer loop
    vertex 286.92776599138847 39.130591378349585 0.7500174632356593
    vertex 286.92776599138847 54.5561330347136 0.7500174632356593
    vertex 287.01982161338503 54.66740916639526 0.7500174632356593
  endloop
endfacet
facet normal 1.4940027504798874e-06 1.5284882037476511e-06 -0.9999999999977158
  outer loop
    vertex 286.92776599138847 39.130591378349585 0.7500174632356593
    vertex 287.01982161338503 54.66740916639526 0.7500174632356593
    vertex 287.01982161338503 39.019315246667944 0.7500174632356593
  endloop
endfacet
facet normal 1.4940027504798874e-06 1.5284882037476511e-06 -0.9999999999977158
  outer loop
    vertex 287.01982161338503 39.019315246667944 0.7500174632356593
    vertex 287.01982161338503 54.66740916639526 0.7500174632356593
    vertex 287.09720475190426 54.789345481314626 0.7500174632356593
  endloop
endfacet
facet normal 1.4940027504798874e-06 1.5284882037476511e-06 -0.9999999999977158
  outer loop
    vertex 287.01982161338503 39.019315246667944 0.7500174632356593
    vertex 287.09720475190426 54.789345481314626 0.7500174632356593
    vertex 287.09720475190426 38.89737893174856 0.7500174632356593
  endloop
endfacet
facet normal 1.4940027504798874e-06 1.5284882037476511e-06 -0.9999999999977158
  outer loop
    vertex 287.09720475190426 38.89737893174856 0.7500174632356593
    vertex 287.09720475190426 54.789345481314626 0.7500174632356593
    vertex 287.1586950286253 54.92001897094422 0.7500174632356593
  endloop
endfacet
facet normal 1.4940027504798874e-06 1.5284882037476511e-06 -0.9999999999977158
  outer loop
    vertex 287.09720475190426 38.89737893174856 0.7500174632356593
    vertex 287.1586950286253 54.92001897094422 0.7500174632356593
    vertex 287.1586950286253 38.766705442118976 0.7500174632356593
  endloop
endfacet
facet normal 1.4940027504798874e-06 1.5284882037476511e-06 -0.9999999999977158
  outer loop
    vertex 287.1586950286253 38.766705442118976 0.7500174632356593
    vertex 287.1586950286253 54.92001897094422 0.7500174632356593
    vertex 287.2033227051518 55.05736883629201 0.7500174632356593
  endloop
endfacet
facet normal 1.4940027504798874e-06 1.5284882037476511e-06 -0.9999999999977158
  outer loop
    vertex 287.1586950286253 38.766705442118976 0.7500174632356593
    vertex 287.2033227051518 55.05736883629201 0.7500174632356593
    vertex 287.2033227051518 38.62935557677118 0.7500174632356593
  endloop
endfacet
facet normal 1.4940027504798874e-06 1.5284882037476511e-06 -0.9999999999977158
  outer loop
    vertex 287.2033227051518 38.62935557677118 0.7500174632356593
    vertex 287.2033227051518 55.05736883629201 0.7500174632356593
    vertex 287.2303839763655 55.19922898793264 0.7500174632356593
  endloop
endfacet
facet normal 1.4940027504798874e-06 1.5284882037476511e-06 -0.9999999999977158
  outer loop
    vertex 287.2033227051518 38.62935557677118 0.7500174632356593
    vertex 287.2303839763655 55.19922898793264 0.7500174632356593
    vertex 287.2303839763655 38.48749542513054 0.7500174632356593
  endloop
endfacet
facet normal 1.4940027504798874e-06 1.5284882037476511e-06 -0.9999999999977158
  outer loop
    vertex 287.2303839763655 38.48749542513054 0.7500174632356593
    vertex 287.2303839763655 55.19922898793264 0.7500174632356593
    vertex 287.2394520698539 55.343362206531594 0.7500174632356593
  endloop
endfacet
facet normal 1.4940027504798874e-06 1.5284882037476511e-06 -0.9999999999977158
  outer loop
    vertex 287.2303839763655 38.48749542513054 0.7500174632356593
    vertex 287.2394520698539 55.343362206531594 0.7500174632356593
    vertex 287.2394520698539 38.343362206531594 0.7500174632356593
  endloop
endfacet
facet normal 1.4940027504798874e-06 1.5284882037476511e-06 -0.9999999999977158
  outer loop
    vertex 283.5894708565225 44.93827151047 0.7500175706134805
    vertex 281.08779857975765 26.34647654553251 0.7500120894566068
    vertex 281.0877571895667 44.938272324188674 0.7500189640238961
  endloop
endfacet
facet normal 1.4940027504798874e-06 1.5284882037476511e-06 -0.9999999999977158
  outer loop
    vertex 281.08779857975765 26.34647654553251 0.7500120894566068
    vertex 283.5894708565225 44.93827151047 0.7500175706134805
    vertex 284.08205392348333 26.351652329875396 0.7497991413722741
  endloop
endfacet
facet normal 1.4940027504798874e-06 1.5284882037476511e-06 -0.9999999999977158
  outer loop
    vertex 284.08205392348333 26.351652329875396 0.7497991413722741
    vertex 283.5894708565225 44.93827151047 0.7500175706134805
    vertex 283.5894709658725 51.59713897936633 0.7500176448358972
  endloop
endfacet
facet normal 1.4940027504798874e-06 1.5284882037476511e-06 -0.9999999999977158
  outer loop
    vertex 276.5894520184409 51.593362214396016 0.7500174059145207
    vertex 279.2589204862235 54.034653929867886 0.7500174059145207
    vertex 283.5894709658725 51.59713897936633 0.7500176448358972
  endloop
endfacet
facet normal 1.4940027504798874e-06 1.5284882037476511e-06 -0.9999999999977158
  outer loop
    vertex 279.2589204862235 54.034653929867886 0.7500174059145207
    vertex 276.5894520184409 51.593362214396016 0.7500174059145207
    vertex 279.10144483433044 54.149066688093534 0.7500174059145207
  endloop
endfacet
facet normal 1.4940027504798874e-06 1.5284882037476511e-06 -0.9999999999977158
  outer loop
    vertex 279.10144483433044 54.149066688093534 0.7500174059145207
    vertex 276.5894520184409 51.593362214396016 0.7500174059145207
    vertex 278.95955064593767 54.282314200206535 0.7500174059145207
  endloop
endfacet
facet normal 1.4940027504798874e-06 1.5284882037476511e-06 -0.9999999999977158
  outer loop
    vertex 278.95955064593767 54.282314200206535 0.7500174059145207
    vertex 276.5894520184409 51.593362214396016 0.7500174059145207
    vertex 278.83547567715976 54.43229507334268 0.7500174059145207
  endloop
endfacet
facet normal 1.4940027504798874e-06 1.5284882037476511e-06 -0.9999999999977158
  outer loop
    vertex 278.83547567715976 54.43229507334268 0.7500174059145207
    vertex 276.5894520184409 51.593362214396016 0.7500174059145207
    vertex 278.73117666437287 54.596644019538346 0.7500174059145207
  endloop
endfacet
facet normal 1.4940027504798874e-06 1.5284882037476511e-06 -0.9999999999977158
  outer loop
    vertex 278.73117666437287 54.596644019538346 0.7500174059145207
    vertex 276.5894520184409 51.593362214396016 0.7500174059145207
    vertex 278.6482984653141 54.77276915773476 0.7500174059145207
  endloop
endfacet
facet normal 1.4940027504798874e-06 1.5284882037476511e-06 -0.9999999999977158
  outer loop
    vertex 278.6482984653141 54.77276915773476 0.7500174059145207
    vertex 276.5894520184409 51.593362214396016 0.7500174059145207
    vertex 278.5881481186915 54.957892889290484 0.7500174059145207
  endloop
endfacet
facet normal 1.4940027504798874e-06 1.5284882037476511e-06 -0.9999999999977158
  outer loop
    vertex 278.5881481186915 54.957892889290484 0.7500174059145207
    vertex 276.5894520184409 51.593362214396016 0.7500174059145207
    vertex 278.55167423140347 55.14909570237133 0.7500174059145207
  endloop
endfacet
facet normal 1.4940027504798874e-06 1.5284882037476511e-06 -0.9999999999977158
  outer loop
    vertex 278.55167423140347 55.14909570237133 0.7500174059145207
    vertex 276.5894520184409 51.593362214396016 0.7500174059145207
    vertex 278.5394520184409 55.34336221439601 0.7500174059145207
  endloop
endfacet
facet normal 1.4940027504798874e-06 1.5284882037476511e-06 -0.9999999999977158
  outer loop
    vertex 283.5894709658725 51.59713897936633 0.7500176448358972
    vertex 279.2589204862235 54.034653929867886 0.7500174059145207
    vertex 279.429494116515 53.94088028307368 0.7500174059145207
  endloop
endfacet
facet normal 1.4940027504798874e-06 1.5284882037476511e-06 -0.9999999999977158
  outer loop
    vertex 283.5894709658725 51.59713897936633 0.7500176448358972
    vertex 279.429494116515 53.94088028307368 0.7500174059145207
    vertex 279.61047567715974 53.86922461413852 0.7500174059145207
  endloop
endfacet
facet normal 1.4940027504798874e-06 1.5284882037476511e-06 -0.9999999999977158
  outer loop
    vertex 283.5894709658725 51.59713897936633 0.7500176448358972
    vertex 279.61047567715974 53.86922461413852 0.7500174059145207
    vertex 279.79901098083303 53.82081697576654 0.7500174059145207
  endloop
endfacet
facet normal 1.4940027504798874e-06 1.5284882037476511e-06 -0.9999999999977158
  outer loop
    vertex 283.5894709658725 51.59713897936633 0.7500176448358972
    vertex 279.79901098083303 53.82081697576654 0.7500174059145207
    vertex 279.9921267131704 53.79642078533219 0.7500174059145207
  endloop
endfacet
facet normal 1.4940027504798874e-06 1.5284882037476511e-06 -0.9999999999977158
  outer loop
    vertex 283.5894709658725 51.59713897936633 0.7500176448358972
    vertex 279.9921267131704 53.79642078533219 0.7500174059145207
    vertex 280.18677732371134 53.79642078533219 0.7500174059145207
  endloop
endfacet
facet normal 1.4940027504798874e-06 1.5284882037476511e-06 -0.9999999999977158
  outer loop
    vertex 283.5894709658725 51.59713897936633 0.7500176448358972
    vertex 280.18677732371134 53.79642078533219 0.7500174059145207
    vertex 280.3798930560488 53.82081697576654 0.7500174059145207
  endloop
endfacet
facet normal 1.4940027504798874e-06 1.5284882037476511e-06 -0.9999999999977158
  outer loop
    vertex 283.5894709658725 51.59713897936633 0.7500176448358972
    vertex 280.3798930560488 53.82081697576654 0.7500174059145207
    vertex 280.5684283597221 53.86922461413852 0.7500174059145207
  endloop
endfacet
facet normal 1.4940027504798874e-06 1.5284882037476511e-06 -0.9999999999977158
  outer loop
    vertex 283.5894709658725 51.59713897936633 0.7500176448358972
    vertex 280.5684283597221 53.86922461413852 0.7500174059145207
    vertex 280.74940992036676 53.94088028307368 0.7500174059145207
  endloop
endfacet
facet normal 1.4940027504798874e-06 1.5284882037476511e-06 -0.9999999999977158
  outer loop
    vertex 283.5894709658725 51.59713897936633 0.7500176448358972
    vertex 280.74940992036676 53.94088028307368 0.7500174059145207
    vertex 280.9199835506583 54.034653929867886 0.7500174059145207
  endloop
endfacet
facet normal 1.4940027504798874e-06 1.5284882037476511e-06 -0.9999999999977158
  outer loop
    vertex 283.5894709658725 51.59713897936633 0.7500176448358972
    vertex 280.9199835506583 54.034653929867886 0.7500174059145207
    vertex 281.0774592025514 54.149066688093534 0.7500174059145207
  endloop
endfacet
facet normal 1.4940027504798874e-06 1.5284882037476511e-06 -0.9999999999977158
  outer loop
    vertex 283.5894709658725 51.59713897936633 0.7500176448358972
    vertex 281.0774592025514 54.149066688093534 0.7500174059145207
    vertex 281.2193533909441 54.282314200206535 0.7500174059145207
  endloop
endfacet
facet normal 1.4940027504798874e-06 1.5284882037476511e-06 -0.9999999999977158
  outer loop
    vertex 283.5894709658725 51.59713897936633 0.7500176448358972
    vertex 281.2193533909441 54.282314200206535 0.7500174059145207
    vertex 281.34342835972205 54.43229507334268 0.7500174059145207
  endloop
endfacet
facet normal 1.4940027504798874e-06 1.5284882037476511e-06 -0.9999999999977158
  outer loop
    vertex 283.5894709658725 51.59713897936633 0.7500176448358972
    vertex 281.34342835972205 54.43229507334268 0.7500174059145207
    vertex 281.4477273725089 54.596644019538346 0.7500174059145207
  endloop
endfacet
facet normal 1.4940027504798874e-06 1.5284882037476511e-06 -0.9999999999977158
  outer loop
    vertex 283.5894709658725 51.59713897936633 0.7500176448358972
    vertex 281.4477273725089 54.596644019538346 0.7500174059145207
    vertex 281.5306055715677 54.77276915773476 0.7500174059145207
  endloop
endfacet
facet normal 1.4940027504798874e-06 1.5284882037476511e-06 -0.9999999999977158
  outer loop
    vertex 283.5894709658725 51.59713897936633 0.7500176448358972
    vertex 281.5306055715677 54.77276915773476 0.7500174059145207
    vertex 281.59075591819027 54.957892889290484 0.7500174059145207
  endloop
endfacet
facet normal 1.4940027504798874e-06 1.5284882037476511e-06 -0.9999999999977158
  outer loop
    vertex 283.5894709658725 51.59713897936633 0.7500176448358972
    vertex 281.59075591819027 54.957892889290484 0.7500174059145207
    vertex 281.6272298054783 55.14909570237133 0.7500174059145207
  endloop
endfacet
facet normal 1.4940027504798874e-06 1.5284882037476511e-06 -0.9999999999977158
  outer loop
    vertex 283.5894709658725 51.59713897936633 0.7500176448358972
    vertex 281.6272298054783 55.14909570237133 0.7500174059145207
    vertex 281.63945201844086 55.34336221439601 0.7500174059145207
  endloop
endfacet
facet normal 1.0 -0.0 -0.0
  outer loop
    vertex 284.08945125268633 24.40531953013626 4.34395400896757
    vertex 284.08945125268633 24.350231358187724 5.219555428370204
    vertex 284.08945125268633 24.350231358187724 4.780021791665009
  endloop
endfacet
facet normal 1.0 -0.0 -0.0
  outer loop
    vertex 284.08945125268633 24.40531953013626 5.655623211067643
    vertex 284.08945125268633 24.350231358187724 5.219555428370204
    vertex 284.08945125268633 24.40531953013626 4.34395400896757
  endloop
endfacet
facet normal 1.0 -0.0 -0.0
  outer loop
    vertex 284.08945125268633 24.514627100653637 3.9182291297052907
    vertex 284.08945125268633 24.40531953013626 5.655623211067643
    vertex 284.08945125268633 24.40531953013626 4.34395400896757
  endloop
endfacet
facet normal 1.0 -0.0 -0.0
  outer loop
    vertex 284.08945125268633 24.514627100653637 6.081348090329922
    vertex 284.08945125268633 24.40531953013626 5.655623211067643
    vertex 284.08945125268633 24.514627100653637 3.9182291297052907
  endloop
endfacet
facet normal 1.0 -0.0 -0.0
  outer loop
    vertex 284.08945125268633 24.676430224055604 3.5095610895398535
    vertex 284.08945125268633 24.514627100653637 6.081348090329922
    vertex 284.08945125268633 24.514627100653637 3.9182291297052907
  endloop
endfacet
facet normal 1.0 -0.0 -0.0
  outer loop
    vertex 284.08945125268633 24.676430224055604 6.490016130495359
    vertex 284.08945125268633 24.514627100653637 6.081348090329922
    vertex 284.08945125268633 24.676430224055604 3.5095610895398535
  endloop
endfacet
facet normal 1.0 -0.0 -0.0
  outer loop
    vertex 284.08945125268633 24.88817716842962 3.1243948275911197
    vertex 284.08945125268633 24.676430224055604 6.490016130495359
    vertex 284.08945125268633 24.676430224055604 3.5095610895398535
  endloop
endfacet
facet normal 1.0 -0.0 -0.0
  outer loop
    vertex 284.08945125268633 24.88817716842962 6.875182392444095
    vertex 284.08945125268633 24.676430224055604 6.490016130495359
    vertex 284.08945125268633 24.88817716842962 3.1243948275911197
  endloop
endfacet
facet normal 1.0 -0.0 -0.0
  outer loop
    vertex 284.08945125268633 25.14652855797141 2.7688046458971916
    vertex 284.08945125268633 24.88817716842962 6.875182392444095
    vertex 284.08945125268633 24.88817716842962 3.1243948275911197
  endloop
endfacet
facet normal 1.0 -0.0 -0.0
  outer loop
    vertex 284.08945125268633 25.14652855797141 7.230772574138019
    vertex 284.08945125268633 24.88817716842962 6.875182392444095
    vertex 284.08945125268633 25.14652855797141 2.7688046458971916
  endloop
endfacet
facet normal 0.9999811577582455 0.00613873997486976 -0.0
  outer loop
    vertex 284.08205317650805 26.35165156565799 1.2497816781366125
    vertex 284.08945125268633 25.14652855797141 7.230772574138019
    vertex 284.08945125268633 25.14652855797141 2.7688046458971916
  endloop
endfacet
facet normal 0.999998893348997 0.0010844987522191003 -0.0010184121158147764
  outer loop
    vertex 284.08205317650805 26.35165156565799 1.2497816781366125
    vertex 284.08945125268633 25.447410036936258 7.551178805992546
    vertex 284.08945125268633 25.14652855797141 7.230772574138019
  endloop
endfacet
facet normal 0.9999990724523734 0.0008681832660860725 -0.001049453290798471
  outer loop
    vertex 284.08205317650805 26.35165156565799 1.2497816781366125
    vertex 284.08945125268633 25.786076524663017 7.831348090329923
    vertex 284.08945125268633 25.447410036936258 7.551178805992546
  endloop
endfacet
facet normal 0.9999992030990321 0.0006764590572393247 -0.0010659289118012875
  outer loop
    vertex 284.08205317650805 26.35165156565799 1.2497816781366125
    vertex 284.08945125268633 26.157187048330666 8.066861990171127
    vertex 284.08945125268633 25.786076524663017 7.831348090329923
  endloop
endfacet
facet normal 0.9999992345425741 -0.0002596980110134858 -0.001209740141155028
  outer loop
    vertex 284.08205317650805 26.35165156565799 1.2497816781366125
    vertex 284.08945125268633 26.53132568161094 4.382408637248251
    vertex 284.08945125268633 26.4642929590587 4.551713968173933
  endloop
endfacet
facet normal 0.9999992345425741 -0.0002596980110134858 -0.001209740141155028
  outer loop
    vertex 284.08945125268633 26.53132568161094 4.382408637248251
    vertex 284.08205317650805 26.35165156565799 1.2497816781366125
    vertex 284.08945125268633 26.619049415708744 4.222839757298061
  endloop
endfacet
facet normal 0.9999992345425741 -0.0002596980110134858 -0.001209740141155028
  outer loop
    vertex 284.08945125268633 26.619049415708744 4.222839757298061
    vertex 284.08205317650805 26.35165156565799 1.2497816781366125
    vertex 284.08945125268633 26.726080705661776 4.075523824882007
  endloop
endfacet
facet normal 0.9999992345425741 -0.0002596980110134858 -0.001209740141155028
  outer loop
    vertex 284.08945125268633 26.726080705661776 4.075523824882007
    vertex 284.08205317650805 26.35165156565799 1.2497816781366125
    vertex 284.08945125268633 26.85073160409007 3.94278410025656
  endloop
endfacet
facet normal 0.9999992345425741 -0.0002596980110134858 -0.001209740141155028
  outer loop
    vertex 284.08945125268633 26.85073160409007 3.94278410025656
    vertex 284.08205317650805 26.35165156565799 1.2497816781366125
    vertex 284.08945125268633 26.99103629186258 3.826713968173933
  endloop
endfacet
facet normal 0.9999992345425741 -0.0002596980110134858 -0.001209740141155028
  outer loop
    vertex 284.08945125268633 26.99103629186258 3.826713968173933
    vertex 284.08205317650805 26.35165156565799 1.2497816781366125
    vertex 284.08945125268633 27.14478208023918 3.729143923954004
  endloop
endfacet
facet normal 0.9999992345425741 -0.0002596980110134858 -0.001209740141155028
  outer loop
    vertex 284.08945125268633 27.14478208023918 3.729143923954004
    vertex 284.08205317650805 26.35165156565799 1.2497816781366125
    vertex 284.08945125268633 27.309544306293887 3.651612705479643
  endloop
endfacet
facet normal 0.9999992345425741 -0.0002596980110134858 -0.001209740141155028
  outer loop
    vertex 284.08945125268633 27.309544306293887 3.651612705479643
    vertex 284.08205317650805 26.35165156565799 1.2497816781366125
    vertex 284.0881842078448 32.62464306815959 1.2498937036477082
  endloop
endfacet
facet normal 0.9999992345425741 -0.0002596980110134858 -0.001209740141155028
  outer loop
    vertex 284.08945125268633 27.309544306293887 3.651612705479643
    vertex 284.0881842078448 32.62464306815959 1.2498937036477082
    vertex 284.08945125268633 27.482724571297634 3.5953430263810917
  endloop
endfacet
facet normal 0.9999992345425741 -0.0002596980110134858 -0.001209740141155028
  outer loop
    vertex 284.08945125268633 27.482724571297634 3.5953430263810917
    vertex 284.0881842078448 32.62464306815959 1.2498937036477082
    vertex 284.08945125268633 27.66159171901843 3.561222293111614
  endloop
endfacet
facet normal 0.9999992345425741 -0.0002596980110134858 -0.001209740141155028
  outer loop
    vertex 284.08945125268633 27.66159171901843 3.561222293111614
    vertex 284.0881842078448 32.62464306815959 1.2498937036477082
    vertex 284.08945125268633 27.843324907686668 3.5497886100176066
  endloop
endfacet
facet normal 0.9999992345425741 -0.0002596980110134858 -0.001209740141155028
  outer loop
    vertex 284.08945125268633 27.843324907686668 3.5497886100176066
    vertex 284.0881842078448 32.62464306815959 1.2498937036477082
    vertex 284.08945125268633 28.02505809635491 3.561222293111614
  endloop
endfacet
facet normal 0.9999992345425741 -0.0002596980110134858 -0.001209740141155028
  outer loop
    vertex 284.08945125268633 28.02505809635491 3.561222293111614
    vertex 284.0881842078448 32.62464306815959 1.2498937036477082
    vertex 284.08945125268633 28.203925244075712 3.5953430263810917
  endloop
endfacet
facet normal 0.9999992345425741 -0.0002596980110134858 -0.001209740141155028
  outer loop
    vertex 284.08945125268633 28.203925244075712 3.5953430263810917
    vertex 284.0881842078448 32.62464306815959 1.2498937036477082
    vertex 284.08945125268633 28.377105509079453 3.6516127054796423
  endloop
endfacet
facet normal 0.9999992345425741 -0.0002596980110134858 -0.001209740141155028
  outer loop
    vertex 284.08945125268633 28.377105509079453 3.6516127054796423
    vertex 284.0881842078448 32.62464306815959 1.2498937036477082
    vertex 284.08945125268633 28.541867735134158 3.729143923954004
  endloop
endfacet
facet normal 0.9999992345425741 -0.0002596980110134858 -0.001209740141155028
  outer loop
    vertex 284.08945125268633 28.541867735134158 3.729143923954004
    vertex 284.0881842078448 32.62464306815959 1.2498937036477082
    vertex 284.08945125268633 28.695613523510758 3.826713968173933
  endloop
endfacet
facet normal 0.9999992345425741 -0.0002596980110134858 -0.001209740141155028
  outer loop
    vertex 284.08945125268633 28.695613523510758 3.826713968173933
    vertex 284.0881842078448 32.62464306815959 1.2498937036477082
    vertex 284.08945125268633 28.83591821128327 3.94278410025656
  endloop
endfacet
facet normal 0.9999992345425741 -0.0002596980110134858 -0.001209740141155028
  outer loop
    vertex 284.08945125268633 28.83591821128327 3.94278410025656
    vertex 284.0881842078448 32.62464306815959 1.2498937036477082
    vertex 284.08945125268633 28.960569109711564 4.075523824882007
  endloop
endfacet
facet normal 0.9999992345425741 -0.0002596980110134858 -0.001209740141155028
  outer loop
    vertex 284.08945125268633 28.960569109711564 4.075523824882007
    vertex 284.0881842078448 32.62464306815959 1.2498937036477082
    vertex 284.08945125268633 29.067600399664588 4.222839757298061
  endloop
endfacet
facet normal 0.9999992345425741 -0.0002596980110134858 -0.001209740141155028
  outer loop
    vertex 284.08945125268633 29.067600399664588 4.222839757298061
    vertex 284.0881842078448 32.62464306815959 1.2498937036477082
    vertex 284.08945125268633 29.1553241337624 4.382408637248251
  endloop
endfacet
facet normal 0.9999992345425741 -0.0002596980110134858 -0.001209740141155028
  outer loop
    vertex 284.08945125268633 29.1553241337624 4.382408637248251
    vertex 284.0881842078448 32.62464306815959 1.2498937036477082
    vertex 284.08945125268633 29.22235685631464 4.551713968173933
  endloop
endfacet
facet normal 0.9999992345425741 -0.0002596980110134858 -0.001209740141155028
  outer loop
    vertex 284.08945125268633 29.22235685631464 4.551713968173933
    vertex 284.0881842078448 32.62464306815959 1.2498937036477082
    vertex 284.08945125268633 29.26764142124327 4.728085703868306
  endloop
endfacet
facet normal 0.9999992345425741 -0.0002596980110134858 -0.001209740141155028
  outer loop
    vertex 284.08945125268633 29.26764142124327 4.728085703868306
    vertex 284.0881842078448 32.62464306815959 1.2498937036477082
    vertex 284.08945125268633 29.290463663907662 4.908742356700102
  endloop
endfacet
facet normal 0.9999992345425741 -0.0002596980110134858 -0.001209740141155028
  outer loop
    vertex 284.08945125268633 29.290463663907662 4.908742356700102
    vertex 284.0881842078448 32.62464306815959 1.2498937036477082
    vertex 284.08945125268633 29.290463663907662 5.090834863335111
  endloop
endfacet
facet normal 1.0 -0.0 -0.0
  outer loop
    vertex 284.08945125268633 26.53132568161094 5.617168582786961
    vertex 284.08945125268633 26.554888973290296 8.254006310626487
    vertex 284.08945125268633 26.4642929590587 5.44786325186128
  endloop
endfacet
facet normal 1.0 -0.0 -0.0
  outer loop
    vertex 284.08945125268633 26.554888973290296 8.254006310626487
    vertex 284.08945125268633 26.53132568161094 5.617168582786961
    vertex 284.08945125268633 26.61904941570875 5.776737462737152
  endloop
endfacet
facet normal 1.0 -0.0 -0.0
  outer loop
    vertex 284.08945125268633 26.554888973290296 8.254006310626487
    vertex 284.08945125268633 26.61904941570875 5.776737462737152
    vertex 284.08945125268633 26.972910302609677 8.389829673967816
  endloop
endfacet
facet normal 1.0 -0.0 -0.0
  outer loop
    vertex 284.08945125268633 26.972910302609677 8.389829673967816
    vertex 284.08945125268633 26.61904941570875 5.776737462737152
    vertex 284.08945125268633 26.726080705661776 5.924053395153207
  endloop
endfacet
facet normal 1.0 -0.0 -0.0
  outer loop
    vertex 284.08945125268633 26.972910302609677 8.389829673967816
    vertex 284.08945125268633 26.726080705661776 5.924053395153207
    vertex 284.08945125268633 26.85073160409007 6.056793119778653
  endloop
endfacet
facet normal 1.0 -0.0 -0.0
  outer loop
    vertex 284.08945125268633 26.972910302609677 8.389829673967816
    vertex 284.08945125268633 26.85073160409007 6.056793119778653
    vertex 284.08945125268633 26.99103629186258 6.17286325186128
  endloop
endfacet
facet normal 1.0 -0.0 -0.0
  outer loop
    vertex 284.08945125268633 26.972910302609677 8.389829673967816
    vertex 284.08945125268633 26.99103629186258 6.17286325186128
    vertex 284.08945125268633 27.14478208023918 6.270433296081209
  endloop
endfacet
facet normal 1.0 -0.0 -0.0
  outer loop
    vertex 284.08945125268633 26.972910302609677 8.389829673967816
    vertex 284.08945125268633 27.14478208023918 6.270433296081209
    vertex 284.08945125268633 27.309544306293887 6.347964514555572
  endloop
endfacet
facet normal 1.0 -0.0 -0.0
  outer loop
    vertex 284.08945125268633 26.972910302609677 8.389829673967816
    vertex 284.08945125268633 27.309544306293887 6.347964514555572
    vertex 284.08945125268633 27.482724571297627 6.404234193654121
  endloop
endfacet
facet normal 1.0 -0.0 -0.0
  outer loop
    vertex 284.08945125268633 26.972910302609677 8.389829673967816
    vertex 284.08945125268633 27.482724571297627 6.404234193654121
    vertex 284.08945125268633 27.66159171901843 6.438354926923599
  endloop
endfacet
facet normal 1.0 -0.0 -0.0
  outer loop
    vertex 284.08945125268633 26.972910302609677 8.389829673967816
    vertex 284.08945125268633 27.66159171901843 6.438354926923599
    vertex 284.08945125268633 27.843324907686668 6.449788610017605
  endloop
endfacet
facet normal 1.0 -0.0 -0.0
  outer loop
    vertex 284.08945125268633 26.972910302609677 8.389829673967816
    vertex 284.08945125268633 27.843324907686668 6.449788610017605
    vertex 284.08945125268633 28.02505809635491 6.438354926923599
  endloop
endfacet
facet normal 1.0 -0.0 -0.0
  outer loop
    vertex 284.08945125268633 26.972910302609677 8.389829673967816
    vertex 284.08945125268633 28.02505809635491 6.438354926923599
    vertex 284.08945125268633 28.203925244075712 6.404234193654121
  endloop
endfacet
facet normal 1.0 -0.0 -0.0
  outer loop
    vertex 284.08945125268633 26.972910302609677 8.389829673967816
    vertex 284.08945125268633 28.203925244075712 6.404234193654121
    vertex 284.08945125268633 28.377105509079453 6.347964514555572
  endloop
endfacet
facet normal 1.0 -0.0 -0.0
  outer loop
    vertex 284.08945125268633 26.972910302609677 8.389829673967816
    vertex 284.08945125268633 28.377105509079453 6.347964514555572
    vertex 284.08945125268633 28.541867735134158 6.270433296081209
  endloop
endfacet
facet normal 1.0 -0.0 -0.0
  outer loop
    vertex 284.08945125268633 26.972910302609677 8.389829673967816
    vertex 284.08945125268633 28.541867735134158 6.270433296081209
    vertex 284.08945125268633 28.695613523510758 6.17286325186128
  endloop
endfacet
facet normal 0.999999464766826 0.0009000139296965365 0.0005103341924641092
  outer loop
    vertex 284.08945125268633 28.695613523510758 6.17286325186128
    vertex 284.08945125268633 27.404658590211604 8.47219006461828
    vertex 284.08945125268633 26.972910302609677 8.389829673967816
  endloop
endfacet
facet normal 0.999999464766826 0.0009000139296965365 0.0005103341924641092
  outer loop
    vertex 284.08945125268633 27.404658590211604 8.47219006461828
    vertex 284.08945125268633 28.695613523510758 6.17286325186128
    vertex 284.08945125268633 28.788823701872314 6.095753086223677
  endloop
endfacet
facet normal 0.999999464766826 0.0009000139296965365 0.0005103341924641092
  outer loop
    vertex 284.08945125268633 27.404658590211604 8.47219006461828
    vertex 284.08945125268633 28.788823701872314 6.095753086223677
    vertex 284.08945125268633 28.83591821128327 6.056793119778653
  endloop
endfacet
facet normal 0.999999464766826 0.0009000139296965365 0.0005103341924641092
  outer loop
    vertex 284.08945125268633 27.404658590211604 8.47219006461828
    vertex 284.08945125268633 28.83591821128327 6.056793119778653
    vertex 284.08945125268633 28.960569109711564 5.924053395153207
  endloop
endfacet
facet normal 0.999999464766826 0.0009000139296965365 0.0005103341924641092
  outer loop
    vertex 284.08945125268633 27.404658590211604 8.47219006461828
    vertex 284.08945125268633 28.960569109711564 5.924053395153207
    vertex 284.0881842078448 32.62464306815959 1.2498937036477082
  endloop
endfacet
facet normal 0.999999464766826 0.0009000139296965365 0.0005103341924641092
  outer loop
    vertex 284.0881842078448 32.62464306815959 1.2498937036477082
    vertex 284.08945125268633 28.960569109711564 5.924053395153207
    vertex 284.08945125268633 29.067600399664588 5.776737462737152
  endloop
endfacet
facet normal 0.999999464766826 0.0009000139296965365 0.0005103341924641092
  outer loop
    vertex 284.0881842078448 32.62464306815959 1.2498937036477082
    vertex 284.08945125268633 29.067600399664588 5.776737462737152
    vertex 284.08945125268633 29.12728803275617 5.668166061197387
  endloop
endfacet
facet normal 0.999999464766826 0.0009000139296965365 0.0005103341924641092
  outer loop
    vertex 284.0881842078448 32.62464306815959 1.2498937036477082
    vertex 284.08945125268633 29.12728803275617 5.668166061197387
    vertex 284.08945125268633 29.1553241337624 5.617168582786962
  endloop
endfacet
facet normal 0.999999464766826 0.0009000139296965365 0.0005103341924641092
  outer loop
    vertex 284.0881842078448 32.62464306815959 1.2498937036477082
    vertex 284.08945125268633 29.1553241337624 5.617168582786962
    vertex 284.08945125268633 29.22235685631464 5.44786325186128
  endloop
endfacet
facet normal 0.999999464766826 0.0009000139296965365 0.0005103341924641092
  outer loop
    vertex 284.0881842078448 32.62464306815959 1.2498937036477082
    vertex 284.08945125268633 29.22235685631464 5.44786325186128
    vertex 284.08945125268633 29.26764142124327 5.271491516166907
  endloop
endfacet
facet normal 0.999999464766826 0.0009000139296965365 0.0005103341924641092
  outer loop
    vertex 284.0881842078448 32.62464306815959 1.2498937036477082
    vertex 284.08945125268633 29.26764142124327 5.271491516166907
    vertex 284.08945125268633 29.290463663907662 5.090834863335111
  endloop
endfacet
facet normal 0.9999999858650577 1.0557378581313575e-05 -0.00016780472729440221
  outer loop
    vertex 284.0881842078448 32.62464306815959 1.2498937036477082
    vertex 284.08945125268633 27.843324907686668 8.499788610017607
    vertex 284.08945125268633 27.404658590211604 8.47219006461828
  endloop
endfacet
facet normal 0.9999999833115881 -1.1471404101710033e-05 -0.00018233274691679892
  outer loop
    vertex 284.0881842078448 32.62464306815959 1.2498937036477082
    vertex 284.08945125268633 28.281991225161736 8.47219006461828
    vertex 284.08945125268633 27.843324907686668 8.499788610017607
  endloop
endfacet
facet normal 0.9999999796508414 -3.780197645827022e-05 -0.00019816490032316286
  outer loop
    vertex 284.0881842078448 32.62464306815959 1.2498937036477082
    vertex 284.08945125268633 28.71373951276366 8.389829673967816
    vertex 284.08945125268633 28.281991225161736 8.47219006461828
  endloop
endfacet
facet normal 0.999999974237824 -7.014369373033694e-05 -0.00021588009143050485
  outer loop
    vertex 284.0881842078448 32.62464306815959 1.2498937036477082
    vertex 284.08945125268633 29.13176084208304 8.254006310626487
    vertex 284.08945125268633 28.71373951276366 8.389829673967816
  endloop
endfacet
facet normal 0.9999999658795851 -0.00011122609299508615 -0.0002363674792922014
  outer loop
    vertex 284.0881842078448 32.62464306815959 1.2498937036477082
    vertex 284.08945125268633 29.529462767042673 8.066861990171127
    vertex 284.08945125268633 29.13176084208304 8.254006310626487
  endloop
endfacet
facet normal 0.9999999521850759 -0.00016569948401200913 -0.0002611006073298295
  outer loop
    vertex 284.0881842078448 32.62464306815959 1.2498937036477082
    vertex 284.08945125268633 29.900573290710327 7.831348090329923
    vertex 284.08945125268633 29.529462767042673 8.066861990171127
  endloop
endfacet
facet normal 0.9999999278165398 -0.0002421933656765577 -0.0002927614877497913
  outer loop
    vertex 284.0881842078448 32.62464306815959 1.2498937036477082
    vertex 284.08945125268633 30.23923977843708 7.551178805992546
    vertex 284.08945125268633 29.900573290710327 7.831348090329923
  endloop
endfacet
facet normal 0.9999998589314331 0.0005311658067391627 -0.0
  outer loop
    vertex 284.0881842078448 32.62464306815959 4.249788593569298
    vertex 284.08945125268633 30.23923977843708 7.551178805992546
    vertex 284.0881842078448 32.62464306815959 1.2498937036477082
  endloop
endfacet
facet normal 0.9999989283425803 -0.000977368511371816 -0.0010899837082094372
  outer loop
    vertex 284.08947129503855 33.941532040415396 4.249788593569298
    vertex 284.08945125268633 30.23923977843708 7.551178805992546
    vertex 284.0881842078448 32.62464306815959 4.249788593569298
  endloop
endfacet
facet normal -3.652007904128087e-05 0.7289686269352953 -0.6845471054721904
  outer loop
    vertex 281.0877516027767 26.726117495420873 5.92426634323754
    vertex 284.08945125268633 26.85073160409007 6.056793119778653
    vertex 284.08945125268633 26.726080705661776 5.924053395153207
  endloop
endfacet
facet normal -3.652007904128087e-05 0.7289686269352953 -0.6845471054721904
  outer loop
    vertex 284.08945125268633 26.85073160409007 6.056793119778653
    vertex 281.0877516027767 26.726117495420873 5.92426634323754
    vertex 281.0877516027767 26.850768393849165 6.057006067862987
  endloop
endfacet
facet normal -4.3176275060851206e-05 0.6374239891545517 -0.7705132420575957
  outer loop
    vertex 284.08945125268633 26.99103629186258 6.17286325186128
    vertex 281.0877516027767 26.850768393849165 6.057006067862987
    vertex 281.0877516027767 26.99107308162168 6.173076199945614
  endloop
endfacet
facet normal -4.3176275060851206e-05 0.6374239891545517 -0.7705132420575957
  outer loop
    vertex 281.0877516027767 26.850768393849165 6.057006067862987
    vertex 284.08945125268633 26.99103629186258 6.17286325186128
    vertex 284.08945125268633 26.85073160409007 6.056793119778653
  endloop
endfacet
facet normal -6.596955215592861e-05 -0.06279051939267861 -0.9980267262565747
  outer loop
    vertex 284.08945125268633 28.02505809635491 6.438354926923599
    vertex 281.0877516027767 27.843361697445765 6.450001558101939
    vertex 281.0877516027767 28.025094886114008 6.438567875007933
  endloop
endfacet
facet normal -6.596955215592861e-05 -0.06279051939267861 -0.9980267262565747
  outer loop
    vertex 281.0877516027767 27.843361697445765 6.450001558101939
    vertex 284.08945125268633 28.02505809635491 6.438354926923599
    vertex 284.08945125268633 27.843324907686668 6.449788610017605
  endloop
endfacet
facet normal -6.634896415704284e-05 -0.1873813141732781 -0.9822872485665842
  outer loop
    vertex 284.08945125268633 28.203925244075712 6.404234193654121
    vertex 281.0877516027767 28.025094886114008 6.438567875007933
    vertex 281.0877516027767 28.20396203383481 6.404447141738455
  endloop
endfacet
facet normal -6.634896415704284e-05 -0.1873813141732781 -0.9822872485665842
  outer loop
    vertex 281.0877516027767 28.025094886114008 6.438567875007933
    vertex 284.08945125268633 28.203925244075712 6.404234193654121
    vertex 284.08945125268633 28.02505809635491 6.438354926923599
  endloop
endfacet
facet normal -4.9151555426580865e-05 0.5358267943317471 -0.8443279244821222
  outer loop
    vertex 284.08945125268633 27.14478208023918 6.270433296081209
    vertex 281.0877516027767 26.99107308162168 6.173076199945614
    vertex 281.0877516027767 27.14481886999828 6.270646244165542
  endloop
endfacet
facet normal -4.9151555426580865e-05 0.5358267943317471 -0.8443279244821222
  outer loop
    vertex 281.0877516027767 26.99107308162168 6.173076199945614
    vertex 284.08945125268633 27.14478208023918 6.270433296081209
    vertex 284.08945125268633 26.99103629186258 6.17286325186128
  endloop
endfacet
facet normal -5.435168639879857e-05 0.42577929093617506 -0.9048270511295419
  outer loop
    vertex 284.08945125268633 27.309544306293887 6.347964514555572
    vertex 281.0877516027767 27.14481886999828 6.270646244165542
    vertex 281.0877516027767 27.309581096052984 6.348177462639906
  endloop
endfacet
facet normal -5.435168639879857e-05 0.42577929093617506 -0.9048270511295419
  outer loop
    vertex 281.0877516027767 27.14481886999828 6.270646244165542
    vertex 284.08945125268633 27.309544306293887 6.347964514555572
    vertex 284.08945125268633 27.14478208023918 6.270433296081209
  endloop
endfacet
facet normal -6.126743212462046e-05 -0.5358267939733264 -0.8443279239173417
  outer loop
    vertex 284.08945125268633 28.695613523510758 6.17286325186128
    vertex 281.0877516027767 28.541904524893255 6.270646244165542
    vertex 281.0877516027767 28.695650313269855 6.173076199945614
  endloop
endfacet
facet normal -6.126743212462046e-05 -0.5358267939733264 -0.8443279239173417
  outer loop
    vertex 281.0877516027767 28.541904524893255 6.270646244165542
    vertex 284.08945125268633 28.695613523510758 6.17286325186128
    vertex 284.08945125268633 28.541867735134158 6.270433296081209
  endloop
endfacet
facet normal -6.454976091334014e-05 0.0627905193984984 -0.9980267263490469
  outer loop
    vertex 284.08945125268633 27.843324907686668 6.449788610017605
    vertex 281.0877516027767 27.661628508777525 6.438567875007933
    vertex 281.0877516027767 27.843361697445765 6.450001558101939
  endloop
endfacet
facet normal -6.454976091334014e-05 0.0627905193984984 -0.9980267263490469
  outer loop
    vertex 281.0877516027767 27.661628508777525 6.438567875007933
    vertex 284.08945125268633 27.843324907686668 6.449788610017605
    vertex 284.08945125268633 27.66159171901843 6.438354926923599
  endloop
endfacet
facet normal -6.211198138446739e-05 0.1873813142242726 -0.9822872488339072
  outer loop
    vertex 284.08945125268633 27.66159171901843 6.438354926923599
    vertex 281.0877516027767 27.482761361056724 6.404447141738455
    vertex 281.0877516027767 27.661628508777525 6.438567875007933
  endloop
endfacet
facet normal -6.211198138446739e-05 0.1873813142242726 -0.9822872488339072
  outer loop
    vertex 281.0877516027767 27.482761361056724 6.404447141738455
    vertex 284.08945125268633 27.66159171901843 6.438354926923599
    vertex 284.08945125268633 27.482724571297627 6.404234193654121
  endloop
endfacet
facet normal 6.211198138425392e-05 -0.18738131422427265 0.9822872488339072
  outer loop
    vertex 284.08945125268633 28.02505809635491 3.561222293111614
    vertex 281.0877516027767 28.20396203383481 3.5955559744654253
    vertex 281.0877516027767 28.025094886114008 3.561435241195948
  endloop
endfacet
facet normal 6.211198138425392e-05 -0.18738131422427265 0.9822872488339072
  outer loop
    vertex 281.0877516027767 28.20396203383481 3.5955559744654253
    vertex 284.08945125268633 28.02505809635491 3.561222293111614
    vertex 284.08945125268633 28.203925244075712 3.5953430263810917
  endloop
endfacet
facet normal 6.397921798560299e-05 0.42577929069363746 0.9048270506141397
  outer loop
    vertex 284.08945125268633 27.14478208023918 3.729143923954004
    vertex 281.0877516027767 27.309581096052984 3.651825653563977
    vertex 281.0877516027767 27.14481886999828 3.729356872038338
  endloop
endfacet
facet normal 6.397921798560299e-05 0.42577929069363746 0.9048270506141397
  outer loop
    vertex 281.0877516027767 27.309581096052984 3.651825653563977
    vertex 284.08945125268633 27.14478208023918 3.729143923954004
    vertex 284.08945125268633 27.309544306293887 3.651612705479643
  endloop
endfacet
facet normal 6.454976091312356e-05 -0.06279051939850033 0.9980267263490469
  outer loop
    vertex 284.08945125268633 27.843324907686668 3.5497886100176066
    vertex 281.0877516027767 28.025094886114008 3.561435241195948
    vertex 281.0877516027767 27.843361697445765 3.5500015581019406
  endloop
endfacet
facet normal 6.454976091312356e-05 -0.06279051939850033 0.9980267263490469
  outer loop
    vertex 281.0877516027767 28.025094886114008 3.561435241195948
    vertex 284.08945125268633 27.843324907686668 3.5497886100176066
    vertex 284.08945125268633 28.02505809635491 3.561222293111614
  endloop
endfacet
facet normal 5.86946588072052e-05 -0.30901699384265846 0.951056514656928
  outer loop
    vertex 284.08945125268633 28.203925244075712 3.5953430263810917
    vertex 281.0877516027767 28.37714229883855 3.651825653563976
    vertex 281.0877516027767 28.20396203383481 3.5955559744654253
  endloop
endfacet
facet normal 5.86946588072052e-05 -0.30901699384265846 0.951056514656928
  outer loop
    vertex 281.0877516027767 28.37714229883855 3.651825653563976
    vertex 284.08945125268633 28.203925244075712 3.5953430263810917
    vertex 284.08945125268633 28.377105509079453 3.6516127054796423
  endloop
endfacet
facet normal 5.43516863987994e-05 -0.42577929093617184 0.9048270511295432
  outer loop
    vertex 284.08945125268633 28.377105509079453 3.6516127054796423
    vertex 281.0877516027767 28.541904524893255 3.729356872038338
    vertex 281.0877516027767 28.37714229883855 3.651825653563976
  endloop
endfacet
facet normal 5.43516863987994e-05 -0.42577929093617184 0.9048270511295432
  outer loop
    vertex 281.0877516027767 28.541904524893255 3.729356872038338
    vertex 284.08945125268633 28.377105509079453 3.6516127054796423
    vertex 284.08945125268633 28.541867735134158 3.729143923954004
  endloop
endfacet
facet normal 5.7589422261367006e-05 0.63742398869167 0.7705132414980681
  outer loop
    vertex 284.08945125268633 26.85073160409007 3.94278410025656
    vertex 281.0877516027767 26.99107308162168 3.8269269162582664
    vertex 281.0877516027767 26.850768393849165 3.942997048340894
  endloop
endfacet
facet normal 5.7589422261367006e-05 0.63742398869167 0.7705132414980681
  outer loop
    vertex 281.0877516027767 26.99107308162168 3.8269269162582664
    vertex 284.08945125268633 26.85073160409007 3.94278410025656
    vertex 284.08945125268633 26.99103629186258 3.826713968173933
  endloop
endfacet
facet normal 6.126743212462324e-05 0.5358267939733264 0.8443279239173416
  outer loop
    vertex 284.08945125268633 26.99103629186258 3.826713968173933
    vertex 281.0877516027767 27.14481886999828 3.729356872038338
    vertex 281.0877516027767 26.99107308162168 3.8269269162582664
  endloop
endfacet
facet normal 6.126743212462324e-05 0.5358267939733264 0.8443279239173416
  outer loop
    vertex 281.0877516027767 27.14481886999828 3.729356872038338
    vertex 284.08945125268633 26.99103629186258 3.826713968173933
    vertex 284.08945125268633 27.14478208023918 3.729143923954004
  endloop
endfacet
facet normal 5.3003192806848145e-05 0.7289686263974542 0.6845471049671238
  outer loop
    vertex 281.0877516027767 26.850768393849165 3.942997048340894
    vertex 284.08945125268633 26.726080705661776 4.075523824882007
    vertex 284.08945125268633 26.85073160409007 3.94278410025656
  endloop
endfacet
facet normal 5.3003192806848145e-05 0.7289686263974542 0.6845471049671238
  outer loop
    vertex 284.08945125268633 26.726080705661776 4.075523824882007
    vertex 281.0877516027767 26.850768393849165 3.942997048340894
    vertex 281.0877516027767 26.726117495420873 4.07573677296634
  endloop
endfacet
facet normal 4.75810713375659e-05 0.8090169934591521 0.5877852516271191
  outer loop
    vertex 281.0877516027767 26.726117495420873 4.07573677296634
    vertex 284.08945125268633 26.619049415708744 4.222839757298061
    vertex 284.08945125268633 26.726080705661776 4.075523824882007
  endloop
endfacet
facet normal 4.75810713375659e-05 0.8090169934591521 0.5877852516271191
  outer loop
    vertex 284.08945125268633 26.619049415708744 4.222839757298061
    vertex 281.0877516027767 26.726117495420873 4.07573677296634
    vertex 281.0877516027767 26.61908620546784 4.223052705382395
  endloop
endfacet
facet normal 4.9151555426580865e-05 -0.5358267943317471 0.8443279244821222
  outer loop
    vertex 284.08945125268633 28.541867735134158 3.729143923954004
    vertex 281.0877516027767 28.695650313269855 3.8269269162582664
    vertex 281.0877516027767 28.541904524893255 3.729356872038338
  endloop
endfacet
facet normal 4.9151555426580865e-05 -0.5358267943317471 0.8443279244821222
  outer loop
    vertex 281.0877516027767 28.695650313269855 3.8269269162582664
    vertex 284.08945125268633 28.541867735134158 3.729143923954004
    vertex 284.08945125268633 28.695613523510758 3.826713968173933
  endloop
endfacet
facet normal -6.568201336287691e-05 -0.309016993708379 -0.9510565142436642
  outer loop
    vertex 284.08945125268633 28.377105509079453 6.347964514555572
    vertex 281.0877516027767 28.20396203383481 6.404447141738455
    vertex 281.0877516027767 28.37714229883855 6.348177462639906
  endloop
endfacet
facet normal -6.568201336287691e-05 -0.309016993708379 -0.9510565142436642
  outer loop
    vertex 281.0877516027767 28.20396203383481 6.404447141738455
    vertex 284.08945125268633 28.377105509079453 6.347964514555572
    vertex 284.08945125268633 28.203925244075712 6.404234193654121
  endloop
endfacet
facet normal 6.634896415682012e-05 0.18738131417328377 0.9822872485665832
  outer loop
    vertex 284.08945125268633 27.482724571297634 3.5953430263810917
    vertex 281.0877516027767 27.661628508777525 3.561435241195948
    vertex 281.0877516027767 27.48276136105673 3.5955559744654253
  endloop
endfacet
facet normal 6.634896415682012e-05 0.18738131417328377 0.9822872485665832
  outer loop
    vertex 281.0877516027767 27.661628508777525 3.561435241195948
    vertex 284.08945125268633 27.482724571297634 3.5953430263810917
    vertex 284.08945125268633 27.66159171901843 3.561222293111614
  endloop
endfacet
facet normal 6.59695521557121e-05 0.06279051939268442 0.9980267262565745
  outer loop
    vertex 284.08945125268633 27.66159171901843 3.561222293111614
    vertex 281.0877516027767 27.843361697445765 3.5500015581019406
    vertex 281.0877516027767 27.661628508777525 3.561435241195948
  endloop
endfacet
facet normal 6.59695521557121e-05 0.06279051939268442 0.9980267262565745
  outer loop
    vertex 281.0877516027767 27.843361697445765 3.5500015581019406
    vertex 284.08945125268633 27.66159171901843 3.561222293111614
    vertex 284.08945125268633 27.843324907686668 3.5497886100176066
  endloop
endfacet
facet normal 6.568201336277303e-05 0.30901699370837504 0.9510565142436654
  outer loop
    vertex 284.08945125268633 27.309544306293887 3.651612705479643
    vertex 281.0877516027767 27.48276136105673 3.5955559744654253
    vertex 281.0877516027767 27.309581096052984 3.651825653563977
  endloop
endfacet
facet normal 6.568201336277303e-05 0.30901699370837504 0.9510565142436654
  outer loop
    vertex 281.0877516027767 27.48276136105673 3.5955559744654253
    vertex 284.08945125268633 27.309544306293887 3.651612705479643
    vertex 284.08945125268633 27.482724571297634 3.5953430263810917
  endloop
endfacet
facet normal -4.758107133756387e-05 -0.8090169934591658 -0.5877852516271007
  outer loop
    vertex 284.08945125268633 28.960569109711564 5.924053395153207
    vertex 281.0877516027767 29.067637189423685 5.7769504108214855
    vertex 284.08945125268633 29.067600399664588 5.776737462737152
  endloop
endfacet
facet normal -4.758107133756387e-05 -0.8090169934591658 -0.5877852516271007
  outer loop
    vertex 281.0877516027767 29.067637189423685 5.7769504108214855
    vertex 284.08945125268633 28.960569109711564 5.924053395153207
    vertex 281.0877516027767 28.96060589947066 5.92426634323754
  endloop
endfacet
facet normal -1.9412003287695094e-05 -0.9921147011275505 -0.12533323354069115
  outer loop
    vertex 284.08945125268633 29.26764142124327 5.271491516166907
    vertex 281.0877516027767 29.29050045366676 5.091047811419445
    vertex 284.08945125268633 29.290463663907662 5.090834863335111
  endloop
endfacet
facet normal -1.9412003287695094e-05 -0.9921147011275505 -0.12533323354069115
  outer loop
    vertex 281.0877516027767 29.29050045366676 5.091047811419445
    vertex 284.08945125268633 29.26764142124327 5.271491516166907
    vertex 281.0877516027767 29.267678211002366 5.271704464251241
  endloop
endfacet
facet normal 4.140856794664959e-05 0.8763066792925834 0.48175367368867666
  outer loop
    vertex 281.0877516027767 26.61908620546784 4.223052705382395
    vertex 284.08945125268633 26.53132568161094 4.382408637248251
    vertex 284.08945125268633 26.619049415708744 4.222839757298061
  endloop
endfacet
facet normal 4.140856794664959e-05 0.8763066792925834 0.48175367368867666
  outer loop
    vertex 284.08945125268633 26.53132568161094 4.382408637248251
    vertex 281.0877516027767 26.61908620546784 4.223052705382395
    vertex 281.0877516027767 26.531362471370038 4.382621585332585
  endloop
endfacet
facet normal 3.0212523040209564e-06 0.9921147013099497 -0.12533323356373402
  outer loop
    vertex 281.0877516027767 26.396222941224774 5.091047811419445
    vertex 284.08945125268633 26.419008394130074 5.271491516166907
    vertex 284.08945125268633 26.396186151465677 5.090834863335112
  endloop
endfacet
facet normal 3.0212523040209564e-06 0.9921147013099497 -0.12533323356373402
  outer loop
    vertex 284.08945125268633 26.419008394130074 5.271491516166907
    vertex 281.0877516027767 26.396222941224774 5.091047811419445
    vertex 281.0877516027767 26.41904518388917 5.271704464251241
  endloop
endfacet
facet normal 1.1305777227286095e-05 0.9999999999360898 4.230128171584606e-21
  outer loop
    vertex 281.0877516027767 26.396222941224774 4.908955304784435
    vertex 284.08945125268633 26.396186151465677 5.090834863335112
    vertex 284.08945125268633 26.396186151465677 4.908742356700102
  endloop
endfacet
facet normal 1.1305777227286095e-05 0.9999999999360898 4.230128171584606e-21
  outer loop
    vertex 284.08945125268633 26.396186151465677 5.090834863335112
    vertex 281.0877516027767 26.396222941224774 4.908955304784435
    vertex 281.0877516027767 26.396222941224774 5.091047811419445
  endloop
endfacet
facet normal 1.9412003287695338e-05 0.9921147011275505 0.12533323354069165
  outer loop
    vertex 281.0877516027767 26.41904518388917 4.72829865195264
    vertex 284.08945125268633 26.396186151465677 4.908742356700102
    vertex 284.08945125268633 26.419008394130074 4.728085703868306
  endloop
endfacet
facet normal 1.9412003287695338e-05 0.9921147011275505 0.12533323354069165
  outer loop
    vertex 284.08945125268633 26.396186151465677 4.908742356700102
    vertex 281.0877516027767 26.41904518388917 4.72829865195264
    vertex 281.0877516027767 26.396222941224774 4.908955304784435
  endloop
endfacet
facet normal 2.7212090456306036e-05 0.9685831607700137 0.24868988707278
  outer loop
    vertex 281.0877516027767 26.464329748817796 4.5519269162582665
    vertex 284.08945125268633 26.419008394130074 4.728085703868306
    vertex 284.08945125268633 26.4642929590587 4.551713968173933
  endloop
endfacet
facet normal 2.7212090456306036e-05 0.9685831607700137 0.24868988707278
  outer loop
    vertex 284.08945125268633 26.419008394130074 4.728085703868306
    vertex 281.0877516027767 26.464329748817796 4.5519269162582665
    vertex 281.0877516027767 26.41904518388917 4.72829865195264
  endloop
endfacet
facet normal 3.4583026698839175e-05 0.929776485332254 0.3681245524645365
  outer loop
    vertex 281.0877516027767 26.531362471370038 4.382621585332585
    vertex 284.08945125268633 26.4642929590587 4.551713968173933
    vertex 284.08945125268633 26.53132568161094 4.382408637248251
  endloop
endfacet
facet normal 3.4583026698839175e-05 0.929776485332254 0.3681245524645365
  outer loop
    vertex 284.08945125268633 26.4642929590587 4.551713968173933
    vertex 281.0877516027767 26.531362471370038 4.382621585332585
    vertex 281.0877516027767 26.464329748817796 4.5519269162582665
  endloop
endfacet
facet normal -3.45830266988391e-05 -0.9297764853322545 -0.3681245524645353
  outer loop
    vertex 284.08945125268633 29.1553241337624 5.617168582786962
    vertex 281.0877516027767 29.222393646073737 5.448076199945613
    vertex 284.08945125268633 29.22235685631464 5.44786325186128
  endloop
endfacet
facet normal -3.45830266988391e-05 -0.9297764853322545 -0.3681245524645353
  outer loop
    vertex 281.0877516027767 29.222393646073737 5.448076199945613
    vertex 284.08945125268633 29.1553241337624 5.617168582786962
    vertex 281.0877516027767 29.155360923521496 5.617381530871295
  endloop
endfacet
facet normal -2.7212090456547617e-05 -0.9685831607700139 -0.2486898870727794
  outer loop
    vertex 284.08945125268633 29.22235685631464 5.44786325186128
    vertex 281.0877516027767 29.267678211002366 5.271704464251241
    vertex 284.08945125268633 29.26764142124327 5.271491516166907
  endloop
endfacet
facet normal -2.7212090456547617e-05 -0.9685831607700139 -0.2486898870727794
  outer loop
    vertex 281.0877516027767 29.267678211002366 5.271704464251241
    vertex 284.08945125268633 29.22235685631464 5.44786325186128
    vertex 281.0877516027767 29.222393646073737 5.448076199945613
  endloop
endfacet
facet normal -4.1408567946421135e-05 -0.8763066792925696 -0.48175367368870176
  outer loop
    vertex 284.08945125268633 29.12728803275617 5.668166061197387
    vertex 281.0877516027767 29.155360923521496 5.617381530871295
    vertex 284.08945125268633 29.1553241337624 5.617168582786962
  endloop
endfacet
facet normal -4.1408567946421135e-05 -0.8763066792925696 -0.48175367368870176
  outer loop
    vertex 281.0877516027767 29.155360923521496 5.617381530871295
    vertex 284.08945125268633 29.12728803275617 5.668166061197387
    vertex 281.0877516027767 29.067637189423685 5.7769504108214855
  endloop
endfacet
facet normal -4.1408567946421135e-05 -0.8763066792925696 -0.48175367368870176
  outer loop
    vertex 281.0877516027767 29.067637189423685 5.7769504108214855
    vertex 284.08945125268633 29.12728803275617 5.668166061197387
    vertex 284.08945125268633 29.067600399664588 5.776737462737152
  endloop
endfacet
facet normal -1.1305777227286094e-05 -0.9999999999360898 -4.230128171584671e-21
  outer loop
    vertex 284.08945125268633 29.290463663907662 5.090834863335111
    vertex 281.0877516027767 29.29050045366676 4.908955304784436
    vertex 284.08945125268633 29.290463663907662 4.908742356700102
  endloop
endfacet
facet normal -1.1305777227286094e-05 -0.9999999999360898 -4.230128171584671e-21
  outer loop
    vertex 281.0877516027767 29.29050045366676 4.908955304784436
    vertex 284.08945125268633 29.290463663907662 5.090834863335111
    vertex 281.0877516027767 29.29050045366676 5.091047811419445
  endloop
endfacet
facet normal -5.3003192806848145e-05 -0.7289686263974542 -0.6845471049671238
  outer loop
    vertex 284.08945125268633 28.83591821128327 6.056793119778653
    vertex 281.0877516027767 28.96060589947066 5.92426634323754
    vertex 284.08945125268633 28.960569109711564 5.924053395153207
  endloop
endfacet
facet normal -5.3003192806848145e-05 -0.7289686263974542 -0.6845471049671238
  outer loop
    vertex 281.0877516027767 28.96060589947066 5.92426634323754
    vertex 284.08945125268633 28.83591821128327 6.056793119778653
    vertex 281.0877516027767 28.835955001042368 6.057006067862987
  endloop
endfacet
facet normal 2.9287939554708783e-05 -0.8090169940279754 0.5877852520403652
  outer loop
    vertex 284.08945125268633 29.067600399664588 4.222839757298061
    vertex 281.0877516027767 28.96060589947066 4.07573677296634
    vertex 284.08945125268633 28.960569109711564 4.075523824882007
  endloop
endfacet
facet normal 2.9287939554708783e-05 -0.8090169940279754 0.5877852520403652
  outer loop
    vertex 281.0877516027767 28.96060589947066 4.07573677296634
    vertex 284.08945125268633 29.067600399664588 4.222839757298061
    vertex 281.0877516027767 29.067637189423685 4.223052705382394
  endloop
endfacet
facet normal 3.6520079041279736e-05 -0.7289686269352953 0.6845471054721903
  outer loop
    vertex 284.08945125268633 28.960569109711564 4.075523824882007
    vertex 281.0877516027767 28.835955001042368 3.942997048340894
    vertex 284.08945125268633 28.83591821128327 3.94278410025656
  endloop
endfacet
facet normal 3.6520079041279736e-05 -0.7289686269352953 0.6845471054721903
  outer loop
    vertex 281.0877516027767 28.835955001042368 3.942997048340894
    vertex 284.08945125268633 28.960569109711564 4.075523824882007
    vertex 281.0877516027767 28.96060589947066 4.07573677296634
  endloop
endfacet
facet normal 4.317627506084993e-05 -0.6374239891545517 0.7705132420575957
  outer loop
    vertex 284.08945125268633 28.695613523510758 3.826713968173933
    vertex 281.0877516027767 28.835955001042368 3.942997048340894
    vertex 281.0877516027767 28.695650313269855 3.8269269162582664
  endloop
endfacet
facet normal 4.317627506084993e-05 -0.6374239891545517 0.7705132420575957
  outer loop
    vertex 281.0877516027767 28.835955001042368 3.942997048340894
    vertex 284.08945125268633 28.695613523510758 3.826713968173933
    vertex 284.08945125268633 28.83591821128327 3.94278410025656
  endloop
endfacet
facet normal -5.86946588073084e-05 0.30901699384265674 -0.9510565146569286
  outer loop
    vertex 284.08945125268633 27.482724571297627 6.404234193654121
    vertex 281.0877516027767 27.309581096052984 6.348177462639906
    vertex 281.0877516027767 27.482761361056724 6.404447141738455
  endloop
endfacet
facet normal -5.86946588073084e-05 0.30901699384265674 -0.9510565146569286
  outer loop
    vertex 281.0877516027767 27.309581096052984 6.348177462639906
    vertex 284.08945125268633 27.482724571297627 6.404234193654121
    vertex 284.08945125268633 27.309544306293887 6.347964514555572
  endloop
endfacet
facet normal 2.159391176113497e-05 -0.8763066798395489 0.4817536739894044
  outer loop
    vertex 284.08945125268633 29.1553241337624 4.382408637248251
    vertex 281.0877516027767 29.067637189423685 4.223052705382394
    vertex 284.08945125268633 29.067600399664588 4.222839757298061
  endloop
endfacet
facet normal 2.159391176113497e-05 -0.8763066798395489 0.4817536739894044
  outer loop
    vertex 281.0877516027767 29.067637189423685 4.223052705382394
    vertex 284.08945125268633 29.1553241337624 4.382408637248251
    vertex 281.0877516027767 29.155360923521496 4.3826215853325845
  endloop
endfacet
facet normal -6.397921798560287e-05 -0.42577929069364373 -0.9048270506141366
  outer loop
    vertex 284.08945125268633 28.541867735134158 6.270433296081209
    vertex 281.0877516027767 28.37714229883855 6.348177462639906
    vertex 281.0877516027767 28.541904524893255 6.270646244165542
  endloop
endfacet
facet normal -6.397921798560287e-05 -0.42577929069364373 -0.9048270506141366
  outer loop
    vertex 281.0877516027767 28.37714229883855 6.348177462639906
    vertex 284.08945125268633 28.541867735134158 6.270433296081209
    vertex 284.08945125268633 28.377105509079453 6.347964514555572
  endloop
endfacet
facet normal 1.3559335075687415e-05 -0.9297764858027819 0.3681245526508303
  outer loop
    vertex 284.08945125268633 29.22235685631464 4.551713968173933
    vertex 281.0877516027767 29.155360923521496 4.3826215853325845
    vertex 284.08945125268633 29.1553241337624 4.382408637248251
  endloop
endfacet
facet normal 1.3559335075687415e-05 -0.9297764858027819 0.3681245526508303
  outer loop
    vertex 281.0877516027767 29.155360923521496 4.3826215853325845
    vertex 284.08945125268633 29.22235685631464 4.551713968173933
    vertex 281.0877516027767 29.222393646073737 4.5519269162582665
  endloop
endfacet
facet normal -1.0 3.4998533970092876e-20 4.899729806941787e-10
  outer loop
    vertex 276.5894512756969 51.595104560197036 6.799999999999999
    vertex 276.5894520184409 59.093362214396 0.7500174059145207
    vertex 276.5894520184409 51.593362214396016 0.7500174059145207
  endloop
endfacet
facet normal -1.0 3.4998533970092876e-20 4.899729806941787e-10
  outer loop
    vertex 276.5894520184409 59.093362214396 0.7500174059145207
    vertex 276.5894512756969 51.595104560197036 6.799999999999999
    vertex 276.5894512756969 59.091618341807106 6.799999999999999
  endloop
endfacet
facet normal 0.9510565162951526 -0.3090169943749506 5.3820137955765034e-17
  outer loop
    vertex 289.5894520698538 54.00394582456145 0.7500174632356593
    vertex 289.5894512756969 54.00394506903192 3.0
    vertex 289.5894513228785 54.00394506034404 1.2499999999999978
  endloop
endfacet
facet normal 0.9510565162951526 -0.3090169943749506 5.3820137955765034e-17
  outer loop
    vertex 289.5894512756969 54.00394506903192 3.0
    vertex 289.5761130977778 53.96289437843453 4.25
    vertex 289.5761130977778 53.96289437843453 3.0
  endloop
endfacet
facet normal 0.9510565162951526 -0.3090169943749506 5.3820137955765034e-17
  outer loop
    vertex 289.5761130977778 53.96289437843453 4.25
    vertex 289.5894512756969 54.00394506903192 3.0
    vertex 289.5761130977778 53.96289437843453 6.799999999999999
  endloop
endfacet
facet normal 0.9510565162951526 -0.3090169943749506 5.3820137955765034e-17
  outer loop
    vertex 289.5761130977778 53.96289437843453 6.799999999999999
    vertex 289.5894512756969 54.00394506903192 3.0
    vertex 289.72163812992926 54.410774374133865 6.799999999999999
  endloop
endfacet
facet normal 0.9510565162951526 -0.3090169943749506 5.3820137955765034e-17
  outer loop
    vertex 289.72163812992926 54.410774374133865 6.799999999999999
    vertex 289.5894512756969 54.00394506903192 3.0
    vertex 289.5894520698538 54.00394582456145 0.7500174632356593
  endloop
endfacet
facet normal 0.9510565162951526 -0.3090169943749506 5.3820137955765034e-17
  outer loop
    vertex 289.72163812992926 54.410774374133865 6.799999999999999
    vertex 289.5894520698538 54.00394582456145 0.7500174632356593
    vertex 289.72163892408616 54.41077512966339 0.7500174632356593
  endloop
endfacet
facet normal 0.9822872507286876 0.18738131458573035 0.0
  outer loop
    vertex 289.8098821997831 55.81336183239774 0.7500174632356593
    vertex 289.72163812992926 56.27594852787027 6.799999999999999
    vertex 289.8098814056262 55.81336107686821 6.799999999999999
  endloop
endfacet
facet normal 0.9822872507286876 0.18738131458573035 0.0
  outer loop
    vertex 289.72163812992926 56.27594852787027 6.799999999999999
    vertex 289.8098821997831 55.81336183239774 0.7500174632356593
    vertex 289.72163892408616 56.2759492833998 0.7500174632356593
  endloop
endfacet
facet normal 0.844327925502016 0.5358267949789954 0.0
  outer loop
    vertex 289.3756021200183 57.14993848441303 0.7500174632356593
    vertex 289.1232650046029 57.547556147098845 6.799999999999999
    vertex 289.37560132586134 57.1499377288835 6.799999999999999
  endloop
endfacet
facet normal 0.844327925502016 0.5358267949789954 0.0
  outer loop
    vertex 289.1232650046029 57.547556147098845 6.799999999999999
    vertex 289.3756021200183 57.14993848441303 0.7500174632356593
    vertex 289.1232657987599 57.54755690262837 0.7500174632356593
  endloop
endfacet
facet normal 0.7705132427757876 0.6374239897486917 0.0
  outer loop
    vertex 289.1232657987599 57.54755690262837 0.7500174632356593
    vertex 288.8230836285272 57.910413098234656 6.799999999999999
    vertex 289.1232650046029 57.547556147098845 6.799999999999999
  endloop
endfacet
facet normal 0.7705132427757876 0.6374239897486917 0.0
  outer loop
    vertex 288.8230836285272 57.910413098234656 6.799999999999999
    vertex 289.1232657987599 57.54755690262837 0.7500174632356593
    vertex 288.82308442268413 57.91041385376418 0.7500174632356593
  endloop
endfacet
facet normal 0.9510565162951552 0.3090169943749423 0.0
  outer loop
    vertex 289.72163892408616 56.2759492833998 0.7500174632356593
    vertex 289.5761130977778 56.72382852356961 6.799999999999999
    vertex 289.72163812992926 56.27594852787027 6.799999999999999
  endloop
endfacet
facet normal 0.9510565162951552 0.3090169943749423 0.0
  outer loop
    vertex 289.5761130977778 56.72382852356961 6.799999999999999
    vertex 289.72163892408616 56.2759492833998 0.7500174632356593
    vertex 289.57611389193477 56.723829279099135 0.7500174632356593
  endloop
endfacet
facet normal 0.904827052466019 0.42577929156507377 0.0
  outer loop
    vertex 289.57611389193477 56.723829279099135 0.7500174632356593
    vertex 289.37560132586134 57.1499377288835 6.799999999999999
    vertex 289.5761130977778 56.72382852356961 6.799999999999999
  endloop
endfacet
facet normal 0.904827052466019 0.42577929156507377 0.0
  outer loop
    vertex 289.37560132586134 57.1499377288835 6.799999999999999
    vertex 289.57611389193477 56.723829279099135 0.7500174632356593
    vertex 289.3756021200183 57.14993848441303 0.7500174632356593
  endloop
endfacet
facet normal 0.9980267284282719 0.06279051952931029 0.0
  outer loop
    vertex 289.8394520698538 55.343362206531594 0.7500174632356593
    vertex 289.8098814056262 55.81336107686821 6.799999999999999
    vertex 289.8394512756969 55.34336145100207 6.799999999999999
  endloop
endfacet
facet normal 0.9980267284282719 0.06279051952931029 0.0
  outer loop
    vertex 289.8098814056262 55.81336107686821 6.799999999999999
    vertex 289.8394520698538 55.343362206531594 0.7500174632356593
    vertex 289.8098821997831 55.81336183239774 0.7500174632356593
  endloop
endfacet
facet normal 0.9980267284282719 -0.06279051952931038 0.0
  outer loop
    vertex 289.8098821997831 54.87336258066545 0.7500174632356593
    vertex 289.8394512756969 55.34336145100207 6.799999999999999
    vertex 289.8098814056262 54.87336182513592 6.799999999999999
  endloop
endfacet
facet normal 0.9980267284282719 -0.06279051952931038 0.0
  outer loop
    vertex 289.8394512756969 55.34336145100207 6.799999999999999
    vertex 289.8098821997831 54.87336258066545 0.7500174632356593
    vertex 289.8394520698538 55.343362206531594 0.7500174632356593
  endloop
endfacet
facet normal 0.6845471059286882 0.728968627421412 0.0
  outer loop
    vertex 288.47979123725446 58.23278611141127 6.799999999999999
    vertex 288.82308442268413 57.91041385376418 0.7500174632356593
    vertex 288.4797920314114 58.2327868669408 0.7500174632356593
  endloop
endfacet
facet normal 0.6845471059286882 0.728968627421412 0.0
  outer loop
    vertex 288.82308442268413 57.91041385376418 0.7500174632356593
    vertex 288.47979123725446 58.23278611141127 6.799999999999999
    vertex 288.8230836285272 57.910413098234656 6.799999999999999
  endloop
endfacet
facet normal 0.5877852522924741 0.8090169943749467 0.0
  outer loop
    vertex 288.0988017568681 58.509591171634625 6.799999999999999
    vertex 288.4797920314114 58.2327868669408 0.7500174632356593
    vertex 288.0988025510251 58.50959192716415 0.7500174632356593
  endloop
endfacet
facet normal 0.5877852522924741 0.8090169943749467 0.0
  outer loop
    vertex 288.4797920314114 58.2327868669408 0.7500174632356593
    vertex 288.0988017568681 58.509591171634625 6.799999999999999
    vertex 288.47979123725446 58.23278611141127 6.799999999999999
  endloop
endfacet
facet normal 0.481753674101715 0.8763066800438639 0.0
  outer loop
    vertex 287.6861236190659 58.73646289774965 6.799999999999999
    vertex 288.0988025510251 58.50959192716415 0.7500174632356593
    vertex 287.6861244132229 58.73646365327917 0.7500174632356593
  endloop
endfacet
facet normal 0.481753674101715 0.8763066800438639 0.0
  outer loop
    vertex 288.0988025510251 58.50959192716415 0.7500174632356593
    vertex 287.6861236190659 58.73646289774965 6.799999999999999
    vertex 288.0988017568681 58.509591171634625 6.799999999999999
  endloop
endfacet
facet normal 0.9822872507286887 -0.18738131458572485 0.0
  outer loop
    vertex 289.72163892408616 54.41077512966339 0.7500174632356593
    vertex 289.8098814056262 54.87336182513592 6.799999999999999
    vertex 289.72163812992926 54.410774374133865 6.799999999999999
  endloop
endfacet
facet normal 0.9822872507286887 -0.18738131458572485 0.0
  outer loop
    vertex 289.8098814056262 54.87336182513592 6.799999999999999
    vertex 289.72163892408616 54.41077512966339 0.7500174632356593
    vertex 289.8098821997831 54.87336258066545 0.7500174632356593
  endloop
endfacet
facet normal 0.36812455268467725 0.9297764858882517 0.0
  outer loop
    vertex 287.2482650046029 58.9098233871089 6.799999999999999
    vertex 287.6861244132229 58.73646365327917 0.7500174632356593
    vertex 287.24826579875986 58.90982414263843 0.7500174632356593
  endloop
endfacet
facet normal 0.36812455268467725 0.9297764858882517 0.0
  outer loop
    vertex 287.6861244132229 58.73646365327917 0.7500174632356593
    vertex 287.2482650046029 58.9098233871089 6.799999999999999
    vertex 287.6861236190659 58.73646289774965 6.799999999999999
  endloop
endfacet
facet normal 0.24868988716485532 0.968583161128631 0.0
  outer loop
    vertex 286.79213120539333 59.02693864123465 6.799999999999999
    vertex 287.24826579875986 58.90982414263843 0.7500174632356593
    vertex 286.7921319995503 59.02693939676418 0.7500174632356593
  endloop
endfacet
facet normal 0.24868988716485532 0.968583161128631 0.0
  outer loop
    vertex 287.24826579875986 58.90982414263843 0.7500174632356593
    vertex 286.79213120539333 59.02693864123465 6.799999999999999
    vertex 287.2482650046029 58.9098233871089 6.799999999999999
  endloop
endfacet
facet normal 0.12533323356430462 0.9921147013144778 0.0
  outer loop
    vertex 286.3249157239318 59.085961682608094 6.799999999999999
    vertex 286.7921319995503 59.02693939676418 0.7500174632356593
    vertex 286.32491651808874 59.08596243813762 0.7500174632356593
  endloop
endfacet
facet normal 0.12533323356430462 0.9921147013144778 0.0
  outer loop
    vertex 286.7921319995503 59.02693939676418 0.7500174632356593
    vertex 286.3249157239318 59.085961682608094 6.799999999999999
    vertex 286.79213120539333 59.02693864123465 6.799999999999999
  endloop
endfacet
facet normal 0.0006174101628133424 -0.9999997942565412 0.00017404472484970865
  outer loop
    vertex 283.5894709658725 51.59713897936633 0.7500176448358972
    vertex 276.5894512756969 51.595104560197036 6.799999999999999
    vertex 276.5894520184409 51.593362214396016 0.7500174059145207
  endloop
endfacet
facet normal 0.0006174101628133424 -0.9999997942565412 0.00017404472484970865
  outer loop
    vertex 276.5894512756969 51.595104560197036 6.799999999999999
    vertex 283.5894709658725 51.59713897936633 0.7500176448358972
    vertex 283.58947137543834 51.59713838637675 4.249999944977614
  endloop
endfacet
facet normal 0.0006174101628133424 -0.9999997942565412 0.00017404472484970865
  outer loop
    vertex 276.5894512756969 51.595104560197036 6.799999999999999
    vertex 283.58947137543834 51.59713838637675 4.249999944977614
    vertex 286.3249157239318 51.60076121939604 4.25
  endloop
endfacet
facet normal 0.0006174101628133424 -0.9999997942565412 0.00017404472484970865
  outer loop
    vertex 276.5894512756969 51.595104560197036 6.799999999999999
    vertex 286.3249157239318 51.60076121939604 4.25
    vertex 286.3249157239318 51.60076121939604 6.799999999999999
  endloop
endfacet
facet normal 0.0005556328619639199 0.9999998452998256 -2.5931595030201075e-05
  outer loop
    vertex 276.5894512756969 59.091618341807106 6.799999999999999
    vertex 286.32491651808874 59.08596243813762 0.7500174632356593
    vertex 276.5894520184409 59.093362214396 0.7500174059145207
  endloop
endfacet
facet normal 0.0005556328619639199 0.9999998452998256 -2.5931595030201075e-05
  outer loop
    vertex 286.32491651808874 59.08596243813762 0.7500174632356593
    vertex 276.5894512756969 59.091618341807106 6.799999999999999
    vertex 286.3249157239318 59.085961682608094 6.799999999999999
  endloop
endfacet
facet normal 0.368124552684677 -0.9297764858882518 0.0
  outer loop
    vertex 287.6861236190659 51.950260004254496 6.799999999999999
    vertex 287.2482650046029 51.77689951489524 4.25
    vertex 287.6861236190659 51.950260004254496 4.25
  endloop
endfacet
facet normal 0.368124552684677 -0.9297764858882518 0.0
  outer loop
    vertex 287.2482650046029 51.77689951489524 4.25
    vertex 287.6861236190659 51.950260004254496 6.799999999999999
    vertex 287.2482650046029 51.77689951489524 6.799999999999999
  endloop
endfacet
facet normal 0.24868988716485538 -0.968583161128631 -8.109220780299318e-33
  outer loop
    vertex 287.2482650046029 51.77689951489524 6.799999999999999
    vertex 286.79213120539333 51.659784260769484 4.25
    vertex 287.2482650046029 51.77689951489524 4.25
  endloop
endfacet
facet normal 0.24868988716485538 -0.968583161128631 -8.109220780299318e-33
  outer loop
    vertex 286.79213120539333 51.659784260769484 4.25
    vertex 287.2482650046029 51.77689951489524 6.799999999999999
    vertex 286.79213120539333 51.659784260769484 6.799999999999999
  endloop
endfacet
facet normal 0.1253332335643052 -0.9921147013144778 4.313869087343754e-33
  outer loop
    vertex 286.79213120539333 51.659784260769484 6.799999999999999
    vertex 286.3249157239318 51.60076121939604 4.25
    vertex 286.79213120539333 51.659784260769484 4.25
  endloop
endfacet
facet normal 0.1253332335643052 -0.9921147013144778 4.313869087343754e-33
  outer loop
    vertex 286.3249157239318 51.60076121939604 4.25
    vertex 286.79213120539333 51.659784260769484 6.799999999999999
    vertex 286.3249157239318 51.60076121939604 6.799999999999999
  endloop
endfacet
facet normal -8.605882626730379e-32 -4.1645575523220725e-32 1.0
  outer loop
    vertex 276.5894512756969 51.595104560197036 6.799999999999999
    vertex 278.73117592162885 54.59664325614441 6.799999999999999
    vertex 276.5894512756969 59.091618341807106 6.799999999999999
  endloop
endfacet
facet normal -8.605882626730379e-32 -4.1645575523220725e-32 1.0
  outer loop
    vertex 278.73117592162885 54.59664325614441 6.799999999999999
    vertex 276.5894512756969 51.595104560197036 6.799999999999999
    vertex 278.8354749344157 54.432294309948745 6.799999999999999
  endloop
endfacet
facet normal -8.605882626730379e-32 -4.1645575523220725e-32 1.0
  outer loop
    vertex 278.8354749344157 54.432294309948745 6.799999999999999
    vertex 276.5894512756969 51.595104560197036 6.799999999999999
    vertex 278.95954990319365 54.2823134368126 6.799999999999999
  endloop
endfacet
facet normal -8.605882626730379e-32 -4.1645575523220725e-32 1.0
  outer loop
    vertex 278.95954990319365 54.2823134368126 6.799999999999999
    vertex 276.5894512756969 51.595104560197036 6.799999999999999
    vertex 279.1014440915864 54.1490659246996 6.799999999999999
  endloop
endfacet
facet normal -8.605882626730379e-32 -4.1645575523220725e-32 1.0
  outer loop
    vertex 279.1014440915864 54.1490659246996 6.799999999999999
    vertex 276.5894512756969 51.595104560197036 6.799999999999999
    vertex 279.25891974347945 54.03465316647395 6.799999999999999
  endloop
endfacet
facet normal -8.605882626730379e-32 -4.1645575523220725e-32 1.0
  outer loop
    vertex 279.25891974347945 54.03465316647395 6.799999999999999
    vertex 276.5894512756969 51.595104560197036 6.799999999999999
    vertex 279.429493373771 53.94087951967974 6.799999999999999
  endloop
endfacet
facet normal -8.605882626730379e-32 -4.1645575523220725e-32 1.0
  outer loop
    vertex 279.429493373771 53.94087951967974 6.799999999999999
    vertex 276.5894512756969 51.595104560197036 6.799999999999999
    vertex 279.6104749344157 53.86922385074458 6.799999999999999
  endloop
endfacet
facet normal -8.605882626730379e-32 -4.1645575523220725e-32 1.0
  outer loop
    vertex 279.6104749344157 53.86922385074458 6.799999999999999
    vertex 276.5894512756969 51.595104560197036 6.799999999999999
    vertex 286.3249157239318 51.60076121939604 6.799999999999999
  endloop
endfacet
facet normal -8.605882626730379e-32 -4.1645575523220725e-32 1.0
  outer loop
    vertex 276.5894512756969 59.091618341807106 6.799999999999999
    vertex 278.73117592162885 54.59664325614441 6.799999999999999
    vertex 278.6482977225701 54.772768394340815 6.799999999999999
  endloop
endfacet
facet normal -8.605882626730379e-32 -4.1645575523220725e-32 1.0
  outer loop
    vertex 276.5894512756969 59.091618341807106 6.799999999999999
    vertex 278.6482977225701 54.772768394340815 6.799999999999999
    vertex 278.58814737594747 54.95789212589655 6.799999999999999
  endloop
endfacet
facet normal -8.605882626730379e-32 -4.1645575523220725e-32 1.0
  outer loop
    vertex 276.5894512756969 59.091618341807106 6.799999999999999
    vertex 278.58814737594747 54.95789212589655 6.799999999999999
    vertex 278.55167348865945 55.1490949389774 6.799999999999999
  endloop
endfacet
facet normal -8.605882626730379e-32 -4.1645575523220725e-32 1.0
  outer loop
    vertex 276.5894512756969 59.091618341807106 6.799999999999999
    vertex 278.55167348865945 55.1490949389774 6.799999999999999
    vertex 278.5394512756969 55.34336145100207 6.799999999999999
  endloop
endfacet
facet normal -8.605882626730379e-32 -4.1645575523220725e-32 1.0
  outer loop
    vertex 279.6104749344157 53.86922385074458 6.799999999999999
    vertex 286.3249157239318 51.60076121939604 6.799999999999999
    vertex 279.799010238089 53.8208162123726 6.799999999999999
  endloop
endfacet
facet normal -8.605882626730379e-32 -4.1645575523220725e-32 1.0
  outer loop
    vertex 279.799010238089 53.8208162123726 6.799999999999999
    vertex 286.3249157239318 51.60076121939604 6.799999999999999
    vertex 279.99212597042646 53.79642002193825 6.799999999999999
  endloop
endfacet
facet normal -8.605882626730379e-32 -4.1645575523220725e-32 1.0
  outer loop
    vertex 279.99212597042646 53.79642002193825 6.799999999999999
    vertex 286.3249157239318 51.60076121939604 6.799999999999999
    vertex 280.1867765809673 53.79642002193825 6.799999999999999
  endloop
endfacet
facet normal -8.605882626730379e-32 -4.1645575523220725e-32 1.0
  outer loop
    vertex 280.1867765809673 53.79642002193825 6.799999999999999
    vertex 286.3249157239318 51.60076121939604 6.799999999999999
    vertex 280.3798923133047 53.8208162123726 6.799999999999999
  endloop
endfacet
facet normal -8.605882626730379e-32 -4.1645575523220725e-32 1.0
  outer loop
    vertex 280.3798923133047 53.8208162123726 6.799999999999999
    vertex 286.3249157239318 51.60076121939604 6.799999999999999
    vertex 280.56842761697806 53.86922385074458 6.799999999999999
  endloop
endfacet
facet normal -8.605882626730379e-32 -4.1645575523220725e-32 1.0
  outer loop
    vertex 280.56842761697806 53.86922385074458 6.799999999999999
    vertex 286.3249157239318 51.60076121939604 6.799999999999999
    vertex 280.74940917762274 53.94087951967974 6.799999999999999
  endloop
endfacet
facet normal -8.605882626730379e-32 -4.1645575523220725e-32 1.0
  outer loop
    vertex 280.74940917762274 53.94087951967974 6.799999999999999
    vertex 286.3249157239318 51.60076121939604 6.799999999999999
    vertex 280.9199828079143 54.03465316647395 6.799999999999999
  endloop
endfacet
facet normal -8.605882626730379e-32 -4.1645575523220725e-32 1.0
  outer loop
    vertex 280.9199828079143 54.03465316647395 6.799999999999999
    vertex 286.3249157239318 51.60076121939604 6.799999999999999
    vertex 281.07745845980736 54.1490659246996 6.799999999999999
  endloop
endfacet
facet normal -8.605882626730379e-32 -4.1645575523220725e-32 1.0
  outer loop
    vertex 281.07745845980736 54.1490659246996 6.799999999999999
    vertex 286.3249157239318 51.60076121939604 6.799999999999999
    vertex 281.2193526482001 54.2823134368126 6.799999999999999
  endloop
endfacet
facet normal -8.605882626730379e-32 -4.1645575523220725e-32 1.0
  outer loop
    vertex 281.2193526482001 54.2823134368126 6.799999999999999
    vertex 286.3249157239318 51.60076121939604 6.799999999999999
    vertex 281.34342761697803 54.432294309948745 6.799999999999999
  endloop
endfacet
facet normal -8.605882626730379e-32 -4.1645575523220725e-32 1.0
  outer loop
    vertex 281.34342761697803 54.432294309948745 6.799999999999999
    vertex 286.3249157239318 51.60076121939604 6.799999999999999
    vertex 281.4477266297649 54.59664325614441 6.799999999999999
  endloop
endfacet
facet normal -8.605882626730379e-32 -4.1645575523220725e-32 1.0
  outer loop
    vertex 281.4477266297649 54.59664325614441 6.799999999999999
    vertex 286.3249157239318 51.60076121939604 6.799999999999999
    vertex 281.5306048288237 54.772768394340815 6.799999999999999
  endloop
endfacet
facet normal -8.605882626730379e-32 -4.1645575523220725e-32 1.0
  outer loop
    vertex 281.5306048288237 54.772768394340815 6.799999999999999
    vertex 286.3249157239318 51.60076121939604 6.799999999999999
    vertex 281.59075517544625 54.95789212589655 6.799999999999999
  endloop
endfacet
facet normal -8.605882626730379e-32 -4.1645575523220725e-32 1.0
  outer loop
    vertex 281.59075517544625 54.95789212589655 6.799999999999999
    vertex 286.3249157239318 51.60076121939604 6.799999999999999
    vertex 281.62722906273433 55.1490949389774 6.799999999999999
  endloop
endfacet
facet normal -8.605882626730379e-32 -4.1645575523220725e-32 1.0
  outer loop
    vertex 281.62722906273433 55.1490949389774 6.799999999999999
    vertex 286.3249157239318 51.60076121939604 6.799999999999999
    vertex 281.6394512756969 55.34336145100207 6.799999999999999
  endloop
endfacet
facet normal -8.605882626730379e-32 -4.1645575523220725e-32 1.0
  outer loop
    vertex 281.6394512756969 55.34336145100207 6.799999999999999
    vertex 286.3249157239318 51.60076121939604 6.799999999999999
    vertex 285.0202083169254 54.92001821541469 6.799999999999999
  endloop
endfacet
facet normal -8.605882626730379e-32 -4.1645575523220725e-32 1.0
  outer loop
    vertex 281.6394512756969 55.34336145100207 6.799999999999999
    vertex 285.0202083169254 54.92001821541469 6.799999999999999
    vertex 284.97558064039896 55.05736808076248 6.799999999999999
  endloop
endfacet
facet normal -8.605882626730379e-32 -4.1645575523220725e-32 1.0
  outer loop
    vertex 281.6394512756969 55.34336145100207 6.799999999999999
    vertex 284.97558064039896 55.05736808076248 6.799999999999999
    vertex 284.94851936918525 55.19922823240312 6.799999999999999
  endloop
endfacet
facet normal -8.605882626730379e-32 -4.1645575523220725e-32 1.0
  outer loop
    vertex 281.6394512756969 55.34336145100207 6.799999999999999
    vertex 284.94851936918525 55.19922823240312 6.799999999999999
    vertex 284.93945127569685 55.34336145100207 6.799999999999999
  endloop
endfacet
facet normal -8.605882626730379e-32 -4.1645575523220725e-32 1.0
  outer loop
    vertex 285.0202083169254 54.92001821541469 6.799999999999999
    vertex 286.3249157239318 51.60076121939604 6.799999999999999
    vertex 285.0816985936464 54.7893447257851 6.799999999999999
  endloop
endfacet
facet normal -8.605882626730379e-32 -4.1645575523220725e-32 1.0
  outer loop
    vertex 285.0816985936464 54.7893447257851 6.799999999999999
    vertex 286.3249157239318 51.60076121939604 6.799999999999999
    vertex 285.1590817321657 54.66740841086573 6.799999999999999
  endloop
endfacet
facet normal -8.605882626730379e-32 -4.1645575523220725e-32 1.0
  outer loop
    vertex 285.1590817321657 54.66740841086573 6.799999999999999
    vertex 286.3249157239318 51.60076121939604 6.799999999999999
    vertex 285.25113735416227 54.55613227918408 6.799999999999999
  endloop
endfacet
facet normal -8.605882626730379e-32 -4.1645575523220725e-32 1.0
  outer loop
    vertex 285.25113735416227 54.55613227918408 6.799999999999999
    vertex 286.3249157239318 51.60076121939604 6.799999999999999
    vertex 285.3564136874859 54.45727122180991 6.799999999999999
  endloop
endfacet
facet normal -8.605882626730379e-32 -4.1645575523220725e-32 1.0
  outer loop
    vertex 285.3564136874859 54.45727122180991 6.799999999999999
    vertex 286.3249157239318 51.60076121939604 6.799999999999999
    vertex 285.473250461471 54.37238433667475 6.799999999999999
  endloop
endfacet
facet normal -8.605882626730379e-32 -4.1645575523220725e-32 1.0
  outer loop
    vertex 285.473250461471 54.37238433667475 6.799999999999999
    vertex 286.3249157239318 51.60076121939604 6.799999999999999
    vertex 285.599805090397 54.30281034066614 6.799999999999999
  endloop
endfacet
facet normal -8.605882626730379e-32 -4.1645575523220725e-32 1.0
  outer loop
    vertex 285.599805090397 54.30281034066614 6.799999999999999
    vertex 286.3249157239318 51.60076121939604 6.799999999999999
    vertex 285.7340817321657 54.24964645726264 6.799999999999999
  endloop
endfacet
facet normal -8.605882626730379e-32 -4.1645575523220725e-32 1.0
  outer loop
    vertex 285.7340817321657 54.24964645726264 6.799999999999999
    vertex 286.3249157239318 51.60076121939604 6.799999999999999
    vertex 285.8739627639233 54.213731112664085 6.799999999999999
  endloop
endfacet
facet normal -8.605882626730379e-32 -4.1645575523220725e-32 1.0
  outer loop
    vertex 285.8739627639233 54.213731112664085 6.799999999999999
    vertex 286.3249157239318 51.60076121939604 6.799999999999999
    vertex 286.0172421782382 54.195630713309555 6.799999999999999
  endloop
endfacet
facet normal -8.605882626730379e-32 -4.1645575523220725e-32 1.0
  outer loop
    vertex 286.0172421782382 54.195630713309555 6.799999999999999
    vertex 286.3249157239318 51.60076121939604 6.799999999999999
    vertex 286.1616603731556 54.195630713309555 6.799999999999999
  endloop
endfacet
facet normal -8.605882626730379e-32 -4.1645575523220725e-32 1.0
  outer loop
    vertex 286.1616603731556 54.195630713309555 6.799999999999999
    vertex 286.3249157239318 51.60076121939604 6.799999999999999
    vertex 286.30493978747046 54.213731112664085 6.799999999999999
  endloop
endfacet
facet normal -8.605882626730379e-32 -4.1645575523220725e-32 1.0
  outer loop
    vertex 286.30493978747046 54.213731112664085 6.799999999999999
    vertex 286.3249157239318 51.60076121939604 6.799999999999999
    vertex 286.444820819228 54.24964645726264 6.799999999999999
  endloop
endfacet
facet normal -8.605882626730379e-32 -4.1645575523220725e-32 1.0
  outer loop
    vertex 286.444820819228 54.24964645726264 6.799999999999999
    vertex 286.3249157239318 51.60076121939604 6.799999999999999
    vertex 286.79213120539333 51.659784260769484 6.799999999999999
  endloop
endfacet
facet normal -8.605882626730379e-32 -4.1645575523220725e-32 1.0
  outer loop
    vertex 286.444820819228 54.24964645726264 6.799999999999999
    vertex 286.79213120539333 51.659784260769484 6.799999999999999
    vertex 286.5790974609967 54.30281034066614 6.799999999999999
  endloop
endfacet
facet normal -8.605882626730379e-32 -4.1645575523220725e-32 1.0
  outer loop
    vertex 286.5790974609967 54.30281034066614 6.799999999999999
    vertex 286.79213120539333 51.659784260769484 6.799999999999999
    vertex 286.7056520899227 54.37238433667475 6.799999999999999
  endloop
endfacet
facet normal -8.605882626730379e-32 -4.1645575523220725e-32 1.0
  outer loop
    vertex 286.7056520899227 54.37238433667475 6.799999999999999
    vertex 286.79213120539333 51.659784260769484 6.799999999999999
    vertex 286.82248886390784 54.45727122180991 6.799999999999999
  endloop
endfacet
facet normal -8.605882626730379e-32 -4.1645575523220725e-32 1.0
  outer loop
    vertex 286.82248886390784 54.45727122180991 6.799999999999999
    vertex 286.79213120539333 51.659784260769484 6.799999999999999
    vertex 287.2482650046029 51.77689951489524 6.799999999999999
  endloop
endfacet
facet normal -8.605882626730379e-32 -4.1645575523220725e-32 1.0
  outer loop
    vertex 286.82248886390784 54.45727122180991 6.799999999999999
    vertex 287.2482650046029 51.77689951489524 6.799999999999999
    vertex 286.9277651972315 54.55613227918408 6.799999999999999
  endloop
endfacet
facet normal -8.605882626730379e-32 -4.1645575523220725e-32 1.0
  outer loop
    vertex 286.9277651972315 54.55613227918408 6.799999999999999
    vertex 287.2482650046029 51.77689951489524 6.799999999999999
    vertex 287.0198208192281 54.66740841086573 6.799999999999999
  endloop
endfacet
facet normal -8.605882626730379e-32 -4.1645575523220725e-32 1.0
  outer loop
    vertex 287.0198208192281 54.66740841086573 6.799999999999999
    vertex 287.2482650046029 51.77689951489524 6.799999999999999
    vertex 287.0972039577473 54.7893447257851 6.799999999999999
  endloop
endfacet
facet normal -8.605882626730379e-32 -4.1645575523220725e-32 1.0
  outer loop
    vertex 287.0972039577473 54.7893447257851 6.799999999999999
    vertex 287.2482650046029 51.77689951489524 6.799999999999999
    vertex 287.1586942344684 54.92001821541469 6.799999999999999
  endloop
endfacet
facet normal -8.605882626730379e-32 -4.1645575523220725e-32 1.0
  outer loop
    vertex 287.1586942344684 54.92001821541469 6.799999999999999
    vertex 287.2482650046029 51.77689951489524 6.799999999999999
    vertex 287.2033219109948 55.05736808076248 6.799999999999999
  endloop
endfacet
facet normal -8.605882626730379e-32 -4.1645575523220725e-32 1.0
  outer loop
    vertex 287.2033219109948 55.05736808076248 6.799999999999999
    vertex 287.2482650046029 51.77689951489524 6.799999999999999
    vertex 287.2303831822085 55.19922823240312 6.799999999999999
  endloop
endfacet
facet normal -8.605882626730379e-32 -4.1645575523220725e-32 1.0
  outer loop
    vertex 287.2303831822085 55.19922823240312 6.799999999999999
    vertex 287.2482650046029 51.77689951489524 6.799999999999999
    vertex 287.23945127569687 55.34336145100207 6.799999999999999
  endloop
endfacet
facet normal -8.605882626730379e-32 -4.1645575523220725e-32 1.0
  outer loop
    vertex 276.5894512756969 59.091618341807106 6.799999999999999
    vertex 279.6104749344157 56.81749905125956 6.799999999999999
    vertex 286.3249157239318 59.085961682608094 6.799999999999999
  endloop
endfacet
facet normal -8.605882626730379e-32 -4.1645575523220725e-32 1.0
  outer loop
    vertex 279.6104749344157 56.81749905125956 6.799999999999999
    vertex 276.5894512756969 59.091618341807106 6.799999999999999
    vertex 279.429493373771 56.745843382324395 6.799999999999999
  endloop
endfacet
facet normal -8.605882626730379e-32 -4.1645575523220725e-32 1.0
  outer loop
    vertex 279.429493373771 56.745843382324395 6.799999999999999
    vertex 276.5894512756969 59.091618341807106 6.799999999999999
    vertex 279.25891974347945 56.65206973553019 6.799999999999999
  endloop
endfacet
facet normal -8.605882626730379e-32 -4.1645575523220725e-32 1.0
  outer loop
    vertex 279.25891974347945 56.65206973553019 6.799999999999999
    vertex 276.5894512756969 59.091618341807106 6.799999999999999
    vertex 279.1014440915864 56.53765697730454 6.799999999999999
  endloop
endfacet
facet normal -8.605882626730379e-32 -4.1645575523220725e-32 1.0
  outer loop
    vertex 279.1014440915864 56.53765697730454 6.799999999999999
    vertex 276.5894512756969 59.091618341807106 6.799999999999999
    vertex 278.95954990319365 56.40440946519154 6.799999999999999
  endloop
endfacet
facet normal -8.605882626730379e-32 -4.1645575523220725e-32 1.0
  outer loop
    vertex 278.95954990319365 56.40440946519154 6.799999999999999
    vertex 276.5894512756969 59.091618341807106 6.799999999999999
    vertex 278.8354749344157 56.2544285920554 6.799999999999999
  endloop
endfacet
facet normal -8.605882626730379e-32 -4.1645575523220725e-32 1.0
  outer loop
    vertex 278.8354749344157 56.2544285920554 6.799999999999999
    vertex 276.5894512756969 59.091618341807106 6.799999999999999
    vertex 278.73117592162885 56.09007964585973 6.799999999999999
  endloop
endfacet
facet normal -8.605882626730379e-32 -4.1645575523220725e-32 1.0
  outer loop
    vertex 278.73117592162885 56.09007964585973 6.799999999999999
    vertex 276.5894512756969 59.091618341807106 6.799999999999999
    vertex 278.6482977225701 55.91395450766332 6.799999999999999
  endloop
endfacet
facet normal -8.605882626730379e-32 -4.1645575523220725e-32 1.0
  outer loop
    vertex 278.6482977225701 55.91395450766332 6.799999999999999
    vertex 276.5894512756969 59.091618341807106 6.799999999999999
    vertex 278.58814737594747 55.72883077610759 6.799999999999999
  endloop
endfacet
facet normal -8.605882626730379e-32 -4.1645575523220725e-32 1.0
  outer loop
    vertex 278.58814737594747 55.72883077610759 6.799999999999999
    vertex 276.5894512756969 59.091618341807106 6.799999999999999
    vertex 278.55167348865945 55.53762796302674 6.799999999999999
  endloop
endfacet
facet normal -8.605882626730379e-32 -4.1645575523220725e-32 1.0
  outer loop
    vertex 278.55167348865945 55.53762796302674 6.799999999999999
    vertex 276.5894512756969 59.091618341807106 6.799999999999999
    vertex 278.5394512756969 55.34336145100207 6.799999999999999
  endloop
endfacet
facet normal -8.605882626730379e-32 -4.1645575523220725e-32 1.0
  outer loop
    vertex 286.3249157239318 59.085961682608094 6.799999999999999
    vertex 279.6104749344157 56.81749905125956 6.799999999999999
    vertex 279.799010238089 56.86590668963154 6.799999999999999
  endloop
endfacet
facet normal -8.605882626730379e-32 -4.1645575523220725e-32 1.0
  outer loop
    vertex 286.3249157239318 59.085961682608094 6.799999999999999
    vertex 279.799010238089 56.86590668963154 6.799999999999999
    vertex 279.99212597042646 56.89030288006589 6.799999999999999
  endloop
endfacet
facet normal -8.605882626730379e-32 -4.1645575523220725e-32 1.0
  outer loop
    vertex 286.3249157239318 59.085961682608094 6.799999999999999
    vertex 279.99212597042646 56.89030288006589 6.799999999999999
    vertex 280.1867765809673 56.89030288006589 6.799999999999999
  endloop
endfacet
facet normal -8.605882626730379e-32 -4.1645575523220725e-32 1.0
  outer loop
    vertex 286.3249157239318 59.085961682608094 6.799999999999999
    vertex 280.1867765809673 56.89030288006589 6.799999999999999
    vertex 280.3798923133047 56.86590668963154 6.799999999999999
  endloop
endfacet
facet normal -8.605882626730379e-32 -4.1645575523220725e-32 1.0
  outer loop
    vertex 286.3249157239318 59.085961682608094 6.799999999999999
    vertex 280.3798923133047 56.86590668963154 6.799999999999999
    vertex 280.56842761697806 56.81749905125956 6.799999999999999
  endloop
endfacet
facet normal -8.605882626730379e-32 -4.1645575523220725e-32 1.0
  outer loop
    vertex 286.3249157239318 59.085961682608094 6.799999999999999
    vertex 280.56842761697806 56.81749905125956 6.799999999999999
    vertex 280.74940917762274 56.745843382324395 6.799999999999999
  endloop
endfacet
facet normal -8.605882626730379e-32 -4.1645575523220725e-32 1.0
  outer loop
    vertex 286.3249157239318 59.085961682608094 6.799999999999999
    vertex 280.74940917762274 56.745843382324395 6.799999999999999
    vertex 280.9199828079143 56.65206973553019 6.799999999999999
  endloop
endfacet
facet normal -8.605882626730379e-32 -4.1645575523220725e-32 1.0
  outer loop
    vertex 286.3249157239318 59.085961682608094 6.799999999999999
    vertex 280.9199828079143 56.65206973553019 6.799999999999999
    vertex 281.07745845980736 56.53765697730454 6.799999999999999
  endloop
endfacet
facet normal -8.605882626730379e-32 -4.1645575523220725e-32 1.0
  outer loop
    vertex 286.3249157239318 59.085961682608094 6.799999999999999
    vertex 281.07745845980736 56.53765697730454 6.799999999999999
    vertex 281.2193526482001 56.40440946519154 6.799999999999999
  endloop
endfacet
facet normal -8.605882626730379e-32 -4.1645575523220725e-32 1.0
  outer loop
    vertex 286.3249157239318 59.085961682608094 6.799999999999999
    vertex 281.2193526482001 56.40440946519154 6.799999999999999
    vertex 281.34342761697803 56.2544285920554 6.799999999999999
  endloop
endfacet
facet normal -8.605882626730379e-32 -4.1645575523220725e-32 1.0
  outer loop
    vertex 286.3249157239318 59.085961682608094 6.799999999999999
    vertex 281.34342761697803 56.2544285920554 6.799999999999999
    vertex 281.4477266297649 56.09007964585973 6.799999999999999
  endloop
endfacet
facet normal -8.605882626730379e-32 -4.1645575523220725e-32 1.0
  outer loop
    vertex 286.3249157239318 59.085961682608094 6.799999999999999
    vertex 281.4477266297649 56.09007964585973 6.799999999999999
    vertex 281.5306048288237 55.91395450766332 6.799999999999999
  endloop
endfacet
facet normal -8.605882626730379e-32 -4.1645575523220725e-32 1.0
  outer loop
    vertex 286.3249157239318 59.085961682608094 6.799999999999999
    vertex 281.5306048288237 55.91395450766332 6.799999999999999
    vertex 281.59075517544625 55.72883077610759 6.799999999999999
  endloop
endfacet
facet normal -8.605882626730379e-32 -4.1645575523220725e-32 1.0
  outer loop
    vertex 286.3249157239318 59.085961682608094 6.799999999999999
    vertex 281.59075517544625 55.72883077610759 6.799999999999999
    vertex 281.62722906273433 55.53762796302674 6.799999999999999
  endloop
endfacet
facet normal -8.605882626730379e-32 -4.1645575523220725e-32 1.0
  outer loop
    vertex 286.3249157239318 59.085961682608094 6.799999999999999
    vertex 281.62722906273433 55.53762796302674 6.799999999999999
    vertex 281.6394512756969 55.34336145100207 6.799999999999999
  endloop
endfacet
facet normal -8.605882626730379e-32 -4.1645575523220725e-32 1.0
  outer loop
    vertex 286.3249157239318 59.085961682608094 6.799999999999999
    vertex 281.6394512756969 55.34336145100207 6.799999999999999
    vertex 285.0202083169254 55.76670468658944 6.799999999999999
  endloop
endfacet
facet normal -8.605882626730379e-32 -4.1645575523220725e-32 1.0
  outer loop
    vertex 285.0202083169254 55.76670468658944 6.799999999999999
    vertex 281.6394512756969 55.34336145100207 6.799999999999999
    vertex 284.97558064039896 55.62935482124166 6.799999999999999
  endloop
endfacet
facet normal -8.605882626730379e-32 -4.1645575523220725e-32 1.0
  outer loop
    vertex 284.97558064039896 55.62935482124166 6.799999999999999
    vertex 281.6394512756969 55.34336145100207 6.799999999999999
    vertex 284.94851936918525 55.48749466960102 6.799999999999999
  endloop
endfacet
facet normal -8.605882626730379e-32 -4.1645575523220725e-32 1.0
  outer loop
    vertex 284.94851936918525 55.48749466960102 6.799999999999999
    vertex 281.6394512756969 55.34336145100207 6.799999999999999
    vertex 284.93945127569685 55.34336145100207 6.799999999999999
  endloop
endfacet
facet normal -8.605882626730379e-32 -4.1645575523220725e-32 1.0
  outer loop
    vertex 286.3249157239318 59.085961682608094 6.799999999999999
    vertex 285.0202083169254 55.76670468658944 6.799999999999999
    vertex 285.0816985936464 55.89737817621904 6.799999999999999
  endloop
endfacet
facet normal -8.605882626730379e-32 -4.1645575523220725e-32 1.0
  outer loop
    vertex 286.3249157239318 59.085961682608094 6.799999999999999
    vertex 285.0816985936464 55.89737817621904 6.799999999999999
    vertex 285.1590817321657 56.01931449113841 6.799999999999999
  endloop
endfacet
facet normal -8.605882626730379e-32 -4.1645575523220725e-32 1.0
  outer loop
    vertex 286.3249157239318 59.085961682608094 6.799999999999999
    vertex 285.1590817321657 56.01931449113841 6.799999999999999
    vertex 285.25113735416227 56.13059062282006 6.799999999999999
  endloop
endfacet
facet normal -8.605882626730379e-32 -4.1645575523220725e-32 1.0
  outer loop
    vertex 286.3249157239318 59.085961682608094 6.799999999999999
    vertex 285.25113735416227 56.13059062282006 6.799999999999999
    vertex 285.3564136874859 56.22945168019423 6.799999999999999
  endloop
endfacet
facet normal -8.605882626730379e-32 -4.1645575523220725e-32 1.0
  outer loop
    vertex 286.3249157239318 59.085961682608094 6.799999999999999
    vertex 285.3564136874859 56.22945168019423 6.799999999999999
    vertex 285.473250461471 56.314338565329386 6.799999999999999
  endloop
endfacet
facet normal -8.605882626730379e-32 -4.1645575523220725e-32 1.0
  outer loop
    vertex 286.3249157239318 59.085961682608094 6.799999999999999
    vertex 285.473250461471 56.314338565329386 6.799999999999999
    vertex 285.599805090397 56.38391256133799 6.799999999999999
  endloop
endfacet
facet normal -8.605882626730379e-32 -4.1645575523220725e-32 1.0
  outer loop
    vertex 286.3249157239318 59.085961682608094 6.799999999999999
    vertex 285.599805090397 56.38391256133799 6.799999999999999
    vertex 285.7340817321657 56.43707644474149 6.799999999999999
  endloop
endfacet
facet normal -8.605882626730379e-32 -4.1645575523220725e-32 1.0
  outer loop
    vertex 286.3249157239318 59.085961682608094 6.799999999999999
    vertex 285.7340817321657 56.43707644474149 6.799999999999999
    vertex 285.8739627639233 56.47299178934005 6.799999999999999
  endloop
endfacet
facet normal -8.605882626730379e-32 -4.1645575523220725e-32 1.0
  outer loop
    vertex 286.3249157239318 59.085961682608094 6.799999999999999
    vertex 285.8739627639233 56.47299178934005 6.799999999999999
    vertex 286.0172421782382 56.49109218869459 6.799999999999999
  endloop
endfacet
facet normal -8.605882626730379e-32 -4.1645575523220725e-32 1.0
  outer loop
    vertex 286.3249157239318 59.085961682608094 6.799999999999999
    vertex 286.0172421782382 56.49109218869459 6.799999999999999
    vertex 286.1616603731556 56.49109218869459 6.799999999999999
  endloop
endfacet
facet normal -8.605882626730379e-32 -4.1645575523220725e-32 1.0
  outer loop
    vertex 286.3249157239318 59.085961682608094 6.799999999999999
    vertex 286.1616603731556 56.49109218869459 6.799999999999999
    vertex 286.30493978747046 56.47299178934005 6.799999999999999
  endloop
endfacet
facet normal -8.605882626730379e-32 -4.1645575523220725e-32 1.0
  outer loop
    vertex 286.3249157239318 59.085961682608094 6.799999999999999
    vertex 286.30493978747046 56.47299178934005 6.799999999999999
    vertex 286.444820819228 56.43707644474149 6.799999999999999
  endloop
endfacet
facet normal -8.605882626730379e-32 -4.1645575523220725e-32 1.0
  outer loop
    vertex 286.3249157239318 59.085961682608094 6.799999999999999
    vertex 286.444820819228 56.43707644474149 6.799999999999999
    vertex 286.79213120539333 59.02693864123465 6.799999999999999
  endloop
endfacet
facet normal -8.605882626730379e-32 -4.1645575523220725e-32 1.0
  outer loop
    vertex 286.79213120539333 59.02693864123465 6.799999999999999
    vertex 286.444820819228 56.43707644474149 6.799999999999999
    vertex 286.5790974609967 56.38391256133799 6.799999999999999
  endloop
endfacet
facet normal -8.605882626730379e-32 -4.1645575523220725e-32 1.0
  outer loop
    vertex 286.79213120539333 59.02693864123465 6.799999999999999
    vertex 286.5790974609967 56.38391256133799 6.799999999999999
    vertex 286.7056520899227 56.314338565329386 6.799999999999999
  endloop
endfacet
facet normal -8.605882626730379e-32 -4.1645575523220725e-32 1.0
  outer loop
    vertex 286.79213120539333 59.02693864123465 6.799999999999999
    vertex 286.7056520899227 56.314338565329386 6.799999999999999
    vertex 286.82248886390784 56.22945168019423 6.799999999999999
  endloop
endfacet
facet normal -8.605882626730379e-32 -4.1645575523220725e-32 1.0
  outer loop
    vertex 286.79213120539333 59.02693864123465 6.799999999999999
    vertex 286.82248886390784 56.22945168019423 6.799999999999999
    vertex 287.2482650046029 58.9098233871089 6.799999999999999
  endloop
endfacet
facet normal -8.605882626730379e-32 -4.1645575523220725e-32 1.0
  outer loop
    vertex 287.2482650046029 58.9098233871089 6.799999999999999
    vertex 286.82248886390784 56.22945168019423 6.799999999999999
    vertex 286.9277651972315 56.13059062282006 6.799999999999999
  endloop
endfacet
facet normal -8.605882626730379e-32 -4.1645575523220725e-32 1.0
  outer loop
    vertex 287.2482650046029 58.9098233871089 6.799999999999999
    vertex 286.9277651972315 56.13059062282006 6.799999999999999
    vertex 287.0198208192281 56.01931449113841 6.799999999999999
  endloop
endfacet
facet normal -8.605882626730379e-32 -4.1645575523220725e-32 1.0
  outer loop
    vertex 287.2482650046029 58.9098233871089 6.799999999999999
    vertex 287.0198208192281 56.01931449113841 6.799999999999999
    vertex 287.0972039577473 55.89737817621904 6.799999999999999
  endloop
endfacet
facet normal -8.605882626730379e-32 -4.1645575523220725e-32 1.0
  outer loop
    vertex 287.2482650046029 58.9098233871089 6.799999999999999
    vertex 287.0972039577473 55.89737817621904 6.799999999999999
    vertex 287.1586942344684 55.76670468658944 6.799999999999999
  endloop
endfacet
facet normal -8.605882626730379e-32 -4.1645575523220725e-32 1.0
  outer loop
    vertex 287.2482650046029 58.9098233871089 6.799999999999999
    vertex 287.1586942344684 55.76670468658944 6.799999999999999
    vertex 287.2033219109948 55.62935482124166 6.799999999999999
  endloop
endfacet
facet normal -8.605882626730379e-32 -4.1645575523220725e-32 1.0
  outer loop
    vertex 287.2482650046029 58.9098233871089 6.799999999999999
    vertex 287.2033219109948 55.62935482124166 6.799999999999999
    vertex 287.2303831822085 55.48749466960102 6.799999999999999
  endloop
endfacet
facet normal -8.605882626730379e-32 -4.1645575523220725e-32 1.0
  outer loop
    vertex 287.2482650046029 58.9098233871089 6.799999999999999
    vertex 287.2303831822085 55.48749466960102 6.799999999999999
    vertex 287.23945127569687 55.34336145100207 6.799999999999999
  endloop
endfacet
facet normal -8.605882626730379e-32 -4.1645575523220725e-32 1.0
  outer loop
    vertex 287.2482650046029 58.9098233871089 6.799999999999999
    vertex 287.23945127569687 55.34336145100207 6.799999999999999
    vertex 287.2482650046029 51.77689951489524 6.799999999999999
  endloop
endfacet
facet normal -8.605882626730379e-32 -4.1645575523220725e-32 1.0
  outer loop
    vertex 287.2482650046029 58.9098233871089 6.799999999999999
    vertex 287.2482650046029 51.77689951489524 6.799999999999999
    vertex 287.6861236190659 51.950260004254496 6.799999999999999
  endloop
endfacet
facet normal -8.605882626730379e-32 -4.1645575523220725e-32 1.0
  outer loop
    vertex 287.2482650046029 58.9098233871089 6.799999999999999
    vertex 287.6861236190659 51.950260004254496 6.799999999999999
    vertex 287.6861236190659 58.73646289774965 6.799999999999999
  endloop
endfacet
facet normal -8.605882626730379e-32 -4.1645575523220725e-32 1.0
  outer loop
    vertex 287.6861236190659 58.73646289774965 6.799999999999999
    vertex 287.6861236190659 51.950260004254496 6.799999999999999
    vertex 288.0988017568681 52.17713173036952 6.799999999999999
  endloop
endfacet
facet normal -8.605882626730379e-32 -4.1645575523220725e-32 1.0
  outer loop
    vertex 287.6861236190659 58.73646289774965 6.799999999999999
    vertex 288.0988017568681 52.17713173036952 6.799999999999999
    vertex 288.0988017568681 58.509591171634625 6.799999999999999
  endloop
endfacet
facet normal -8.605882626730379e-32 -4.1645575523220725e-32 1.0
  outer loop
    vertex 288.0988017568681 58.509591171634625 6.799999999999999
    vertex 288.0988017568681 52.17713173036952 6.799999999999999
    vertex 288.47979123725446 52.45393679059287 6.799999999999999
  endloop
endfacet
facet normal -8.605882626730379e-32 -4.1645575523220725e-32 1.0
  outer loop
    vertex 288.0988017568681 58.509591171634625 6.799999999999999
    vertex 288.47979123725446 52.45393679059287 6.799999999999999
    vertex 288.47979123725446 58.23278611141127 6.799999999999999
  endloop
endfacet
facet normal -8.605882626730379e-32 -4.1645575523220725e-32 1.0
  outer loop
    vertex 288.47979123725446 58.23278611141127 6.799999999999999
    vertex 288.47979123725446 52.45393679059287 6.799999999999999
    vertex 288.8230836285272 52.776309803769486 6.799999999999999
  endloop
endfacet
facet normal -8.605882626730379e-32 -4.1645575523220725e-32 1.0
  outer loop
    vertex 288.47979123725446 58.23278611141127 6.799999999999999
    vertex 288.8230836285272 52.776309803769486 6.799999999999999
    vertex 288.8230836285272 57.910413098234656 6.799999999999999
  endloop
endfacet
facet normal -8.605882626730379e-32 -4.1645575523220725e-32 1.0
  outer loop
    vertex 288.8230836285272 57.910413098234656 6.799999999999999
    vertex 288.8230836285272 52.776309803769486 6.799999999999999
    vertex 289.1232650046029 53.13916675490529 6.799999999999999
  endloop
endfacet
facet normal -8.605882626730379e-32 -4.1645575523220725e-32 1.0
  outer loop
    vertex 288.8230836285272 57.910413098234656 6.799999999999999
    vertex 289.1232650046029 53.13916675490529 6.799999999999999
    vertex 289.1232650046029 57.547556147098845 6.799999999999999
  endloop
endfacet
facet normal -8.605882626730379e-32 -4.1645575523220725e-32 1.0
  outer loop
    vertex 289.1232650046029 57.547556147098845 6.799999999999999
    vertex 289.1232650046029 53.13916675490529 6.799999999999999
    vertex 289.37560132586134 53.536785173120634 6.799999999999999
  endloop
endfacet
facet normal -8.605882626730379e-32 -4.1645575523220725e-32 1.0
  outer loop
    vertex 289.1232650046029 57.547556147098845 6.799999999999999
    vertex 289.37560132586134 53.536785173120634 6.799999999999999
    vertex 289.37560132586134 57.1499377288835 6.799999999999999
  endloop
endfacet
facet normal -8.605882626730379e-32 -4.1645575523220725e-32 1.0
  outer loop
    vertex 289.37560132586134 57.1499377288835 6.799999999999999
    vertex 289.37560132586134 53.536785173120634 6.799999999999999
    vertex 289.5761130977778 53.96289437843453 6.799999999999999
  endloop
endfacet
facet normal -8.605882626730379e-32 -4.1645575523220725e-32 1.0
  outer loop
    vertex 289.37560132586134 57.1499377288835 6.799999999999999
    vertex 289.5761130977778 53.96289437843453 6.799999999999999
    vertex 289.5761130977778 56.72382852356961 6.799999999999999
  endloop
endfacet
facet normal -8.605882626730379e-32 -4.1645575523220725e-32 1.0
  outer loop
    vertex 289.5761130977778 56.72382852356961 6.799999999999999
    vertex 289.5761130977778 53.96289437843453 6.799999999999999
    vertex 289.72163812992926 54.410774374133865 6.799999999999999
  endloop
endfacet
facet normal -8.605882626730379e-32 -4.1645575523220725e-32 1.0
  outer loop
    vertex 289.5761130977778 56.72382852356961 6.799999999999999
    vertex 289.72163812992926 54.410774374133865 6.799999999999999
    vertex 289.72163812992926 56.27594852787027 6.799999999999999
  endloop
endfacet
facet normal -8.605882626730379e-32 -4.1645575523220725e-32 1.0
  outer loop
    vertex 289.72163812992926 56.27594852787027 6.799999999999999
    vertex 289.72163812992926 54.410774374133865 6.799999999999999
    vertex 289.8098814056262 54.87336182513592 6.799999999999999
  endloop
endfacet
facet normal -8.605882626730379e-32 -4.1645575523220725e-32 1.0
  outer loop
    vertex 289.72163812992926 56.27594852787027 6.799999999999999
    vertex 289.8098814056262 54.87336182513592 6.799999999999999
    vertex 289.8098814056262 55.81336107686821 6.799999999999999
  endloop
endfacet
facet normal -8.605882626730379e-32 -4.1645575523220725e-32 1.0
  outer loop
    vertex 289.8098814056262 55.81336107686821 6.799999999999999
    vertex 289.8098814056262 54.87336182513592 6.799999999999999
    vertex 289.8394512756969 55.34336145100207 6.799999999999999
  endloop
endfacet
facet normal 0.0 -1.0 0.0
  outer loop
    vertex 284.08945125268633 24.350231358187724 5.219555428370204
    vertex 281.0877516027767 24.35026814794683 4.780234739749343
    vertex 284.08945125268633 24.350231358187724 4.780021791665009
  endloop
endfacet
facet normal 0.0 -1.0 0.0
  outer loop
    vertex 281.0877516027767 24.35026814794683 4.780234739749343
    vertex 284.08945125268633 24.350231358187724 5.219555428370204
    vertex 281.0877516027767 24.35026814794683 5.219768376454538
  endloop
endfacet
facet normal 0.0 -0.9921147013144793 0.1253332335642939
  outer loop
    vertex 284.08945125268633 24.40531953013626 5.655623211067643
    vertex 281.0877516027767 24.35026814794683 5.219768376454538
    vertex 284.08945125268633 24.350231358187724 5.219555428370204
  endloop
endfacet
facet normal 0.0 -0.9921147013144793 0.1253332335642939
  outer loop
    vertex 281.0877516027767 24.35026814794683 5.219768376454538
    vertex 284.08945125268633 24.40531953013626 5.655623211067643
    vertex 281.0877516027767 24.40535631989537 5.655836159151977
  endloop
endfacet
facet normal 0.0 -0.8090169943749512 -0.5877852522924677
  outer loop
    vertex 284.08945125268633 24.88817716842962 3.1243948275911197
    vertex 281.0877516027767 25.14656534773052 2.7690175939815243
    vertex 284.08945125268633 25.14652855797141 2.7688046458971916
  endloop
endfacet
facet normal 0.0 -0.8090169943749512 -0.5877852522924677
  outer loop
    vertex 281.0877516027767 25.14656534773052 2.7690175939815243
    vertex 284.08945125268633 24.88817716842962 3.1243948275911197
    vertex 281.0877516027767 24.88821395818873 3.1246077756754524
  endloop
endfacet
facet normal 0.0 -0.876306680043861 -0.48175367410172026
  outer loop
    vertex 284.08945125268633 24.676430224055604 3.5095610895398535
    vertex 281.0877516027767 24.88821395818873 3.1246077756754524
    vertex 284.08945125268633 24.88817716842962 3.1243948275911197
  endloop
endfacet
facet normal 0.0 -0.876306680043861 -0.48175367410172026
  outer loop
    vertex 281.0877516027767 24.88821395818873 3.1246077756754524
    vertex 284.08945125268633 24.676430224055604 3.5095610895398535
    vertex 281.0877516027767 24.67646701381471 3.509774037624187
  endloop
endfacet
facet normal 0.0 -0.9297764858882538 -0.36812455268467204
  outer loop
    vertex 284.08945125268633 24.514627100653637 3.9182291297052907
    vertex 281.0877516027767 24.67646701381471 3.509774037624187
    vertex 284.08945125268633 24.676430224055604 3.5095610895398535
  endloop
endfacet
facet normal 0.0 -0.9297764858882538 -0.36812455268467204
  outer loop
    vertex 281.0877516027767 24.67646701381471 3.509774037624187
    vertex 284.08945125268633 24.514627100653637 3.9182291297052907
    vertex 281.0877516027767 24.514663890412745 3.9184420777896243
  endloop
endfacet
facet normal 0.0 -0.9685831611286284 -0.24868988716486565
  outer loop
    vertex 284.08945125268633 24.40531953013626 4.34395400896757
    vertex 281.0877516027767 24.514663890412745 3.9184420777896243
    vertex 284.08945125268633 24.514627100653637 3.9182291297052907
  endloop
endfacet
facet normal 0.0 -0.9685831611286284 -0.24868988716486565
  outer loop
    vertex 281.0877516027767 24.514663890412745 3.9184420777896243
    vertex 284.08945125268633 24.40531953013626 4.34395400896757
    vertex 281.0877516027767 24.40535631989537 4.344166957051904
  endloop
endfacet
facet normal 0.0 -0.18738131458572577 0.9822872507286885
  outer loop
    vertex 284.08945125268633 26.972910302609677 8.389829673967816
    vertex 281.0877516027767 27.4046953799707 8.472403012702614
    vertex 281.0877516027767 26.972947092368774 8.39004262205215
  endloop
endfacet
facet normal 0.0 -0.18738131458572577 0.9822872507286885
  outer loop
    vertex 281.0877516027767 27.4046953799707 8.472403012702614
    vertex 284.08945125268633 26.972910302609677 8.389829673967816
    vertex 284.08945125268633 27.404658590211604 8.47219006461828
  endloop
endfacet
facet normal 0.0 -0.3090169943749498 0.951056516295153
  outer loop
    vertex 284.08945125268633 26.554888973290296 8.254006310626487
    vertex 281.0877516027767 26.972947092368774 8.39004262205215
    vertex 281.0877516027767 26.554925763049393 8.25421925871082
  endloop
endfacet
facet normal 0.0 -0.3090169943749498 0.951056516295153
  outer loop
    vertex 281.0877516027767 26.972947092368774 8.39004262205215
    vertex 284.08945125268633 26.554888973290296 8.254006310626487
    vertex 284.08945125268633 26.972910302609677 8.389829673967816
  endloop
endfacet
facet normal 0.0 -0.42577929156507466 0.9048270524660187
  outer loop
    vertex 284.08945125268633 26.157187048330666 8.066861990171127
    vertex 281.0877516027767 26.554925763049393 8.25421925871082
    vertex 281.0877516027767 26.157223838089763 8.06707493825546
  endloop
endfacet
facet normal 0.0 -0.42577929156507466 0.9048270524660187
  outer loop
    vertex 281.0877516027767 26.554925763049393 8.25421925871082
    vertex 284.08945125268633 26.157187048330666 8.066861990171127
    vertex 284.08945125268633 26.554888973290296 8.254006310626487
  endloop
endfacet
facet normal 0.0 -0.5358267949789959 0.8443279255020156
  outer loop
    vertex 284.08945125268633 25.786076524663017 7.831348090329923
    vertex 281.0877516027767 26.157223838089763 8.06707493825546
    vertex 281.0877516027767 25.786113314422114 7.831561038414257
  endloop
endfacet
facet normal 0.0 -0.5358267949789959 0.8443279255020156
  outer loop
    vertex 281.0877516027767 26.157223838089763 8.06707493825546
    vertex 284.08945125268633 25.786076524663017 7.831348090329923
    vertex 284.08945125268633 26.157187048330666 8.066861990171127
  endloop
endfacet
facet normal 0.0 -0.6374239897486883 0.7705132427757904
  outer loop
    vertex 284.08945125268633 25.447410036936258 7.551178805992546
    vertex 281.0877516027767 25.786113314422114 7.831561038414257
    vertex 281.0877516027767 25.447446826695355 7.55139175407688
  endloop
endfacet
facet normal 0.0 -0.6374239897486883 0.7705132427757904
  outer loop
    vertex 281.0877516027767 25.786113314422114 7.831561038414257
    vertex 284.08945125268633 25.447410036936258 7.551178805992546
    vertex 284.08945125268633 25.786076524663017 7.831348090329923
  endloop
endfacet
facet normal 0.0 -0.7289686274214123 0.6845471059286878
  outer loop
    vertex 284.08945125268633 25.447410036936258 7.551178805992546
    vertex 281.0877516027767 25.14656534773052 7.230985522222353
    vertex 284.08945125268633 25.14652855797141 7.230772574138019
  endloop
endfacet
facet normal 0.0 -0.7289686274214123 0.6845471059286878
  outer loop
    vertex 281.0877516027767 25.14656534773052 7.230985522222353
    vertex 284.08945125268633 25.447410036936258 7.551178805992546
    vertex 281.0877516027767 25.447446826695355 7.55139175407688
  endloop
endfacet
facet normal 0.0 -0.06279051952931212 0.9980267284282717
  outer loop
    vertex 284.08945125268633 27.404658590211604 8.47219006461828
    vertex 281.0877516027767 27.843361697445765 8.50000155810194
    vertex 281.0877516027767 27.4046953799707 8.472403012702614
  endloop
endfacet
facet normal 0.0 -0.06279051952931212 0.9980267284282717
  outer loop
    vertex 281.0877516027767 27.843361697445765 8.50000155810194
    vertex 284.08945125268633 27.404658590211604 8.47219006461828
    vertex 284.08945125268633 27.843324907686668 8.499788610017607
  endloop
endfacet
facet normal 0.0 0.5358267949789959 0.8443279255020156
  outer loop
    vertex 284.08945125268633 29.529462767042673 8.066861990171127
    vertex 281.0877516027767 29.900610080469423 7.831561038414257
    vertex 281.0877516027767 29.52949955680177 8.06707493825546
  endloop
endfacet
facet normal 0.0 0.5358267949789959 0.8443279255020156
  outer loop
    vertex 281.0877516027767 29.900610080469423 7.831561038414257
    vertex 284.08945125268633 29.529462767042673 8.066861990171127
    vertex 284.08945125268633 29.900573290710327 7.831348090329923
  endloop
endfacet
facet normal 0.0 0.4257792915650698 0.9048270524660211
  outer loop
    vertex 284.08945125268633 29.13176084208304 8.254006310626487
    vertex 281.0877516027767 29.52949955680177 8.06707493825546
    vertex 281.0877516027767 29.131797631842137 8.25421925871082
  endloop
endfacet
facet normal 0.0 0.4257792915650698 0.9048270524660211
  outer loop
    vertex 281.0877516027767 29.52949955680177 8.06707493825546
    vertex 284.08945125268633 29.13176084208304 8.254006310626487
    vertex 284.08945125268633 29.529462767042673 8.066861990171127
  endloop
endfacet
facet normal 0.0 0.30901699437494984 0.951056516295153
  outer loop
    vertex 284.08945125268633 28.71373951276366 8.389829673967816
    vertex 281.0877516027767 29.131797631842137 8.25421925871082
    vertex 281.0877516027767 28.713776302522756 8.39004262205215
  endloop
endfacet
facet normal 0.0 0.30901699437494984 0.951056516295153
  outer loop
    vertex 281.0877516027767 29.131797631842137 8.25421925871082
    vertex 284.08945125268633 28.71373951276366 8.389829673967816
    vertex 284.08945125268633 29.13176084208304 8.254006310626487
  endloop
endfacet
facet normal 0.0 0.1873813145857281 0.982287250728688
  outer loop
    vertex 284.08945125268633 28.281991225161736 8.47219006461828
    vertex 281.0877516027767 28.713776302522756 8.39004262205215
    vertex 281.0877516027767 28.282028014920833 8.472403012702614
  endloop
endfacet
facet normal 0.0 0.1873813145857281 0.982287250728688
  outer loop
    vertex 281.0877516027767 28.713776302522756 8.39004262205215
    vertex 284.08945125268633 28.281991225161736 8.47219006461828
    vertex 284.08945125268633 28.71373951276366 8.389829673967816
  endloop
endfacet
facet normal 0.0 0.06279051952931135 0.9980267284282719
  outer loop
    vertex 284.08945125268633 27.843324907686668 8.499788610017607
    vertex 281.0877516027767 28.282028014920833 8.472403012702614
    vertex 281.0877516027767 27.843361697445765 8.50000155810194
  endloop
endfacet
facet normal 0.0 0.06279051952931135 0.9980267284282719
  outer loop
    vertex 281.0877516027767 28.282028014920833 8.472403012702614
    vertex 284.08945125268633 27.843324907686668 8.499788610017607
    vertex 284.08945125268633 28.281991225161736 8.47219006461828
  endloop
endfacet
facet normal 0.0 -0.9297764858882538 0.36812455268467204
  outer loop
    vertex 284.08945125268633 24.676430224055604 6.490016130495359
    vertex 281.0877516027767 24.514663890412745 6.081561038414256
    vertex 284.08945125268633 24.514627100653637 6.081348090329922
  endloop
endfacet
facet normal 0.0 -0.9297764858882538 0.36812455268467204
  outer loop
    vertex 281.0877516027767 24.514663890412745 6.081561038414256
    vertex 284.08945125268633 24.676430224055604 6.490016130495359
    vertex 281.0877516027767 24.67646701381471 6.490229078579692
  endloop
endfacet
facet normal 0.0 -0.9685831611286284 0.24868988716486565
  outer loop
    vertex 284.08945125268633 24.514627100653637 6.081348090329922
    vertex 281.0877516027767 24.40535631989537 5.655836159151977
    vertex 284.08945125268633 24.40531953013626 5.655623211067643
  endloop
endfacet
facet normal 0.0 -0.9685831611286284 0.24868988716486565
  outer loop
    vertex 281.0877516027767 24.40535631989537 5.655836159151977
    vertex 284.08945125268633 24.514627100653637 6.081348090329922
    vertex 281.0877516027767 24.514663890412745 6.081561038414256
  endloop
endfacet
facet normal 0.0 0.6374239897486914 0.7705132427757878
  outer loop
    vertex 284.08945125268633 29.900573290710327 7.831348090329923
    vertex 281.0877516027767 30.23927656819618 7.55139175407688
    vertex 281.0877516027767 29.900610080469423 7.831561038414257
  endloop
endfacet
facet normal 0.0 0.6374239897486914 0.7705132427757878
  outer loop
    vertex 281.0877516027767 30.23927656819618 7.55139175407688
    vertex 284.08945125268633 29.900573290710327 7.831348090329923
    vertex 284.08945125268633 30.23923977843708 7.551178805992546
  endloop
endfacet
facet normal 5.6327685103431585e-05 0.6655413853377676 0.7463609456756677
  outer loop
    vertex 284.08945125268633 30.23923977843708 7.551178805992546
    vertex 281.0877516027767 33.9415688294581 4.250001540850242
    vertex 281.0877516027767 30.23927656819618 7.55139175407688
  endloop
endfacet
facet normal 5.6327685103431585e-05 0.6655413853377676 0.7463609456756677
  outer loop
    vertex 281.0877516027767 33.9415688294581 4.250001540850242
    vertex 284.08945125268633 30.23923977843708 7.551178805992546
    vertex 284.08947129503855 33.941532040415396 4.249788593569298
  endloop
endfacet
facet normal 0.0 -0.8090169943749486 0.5877852522924716
  outer loop
    vertex 284.08945125268633 25.14652855797141 7.230772574138019
    vertex 281.0877516027767 24.88821395818873 6.875395340528428
    vertex 284.08945125268633 24.88817716842962 6.875182392444095
  endloop
endfacet
facet normal 0.0 -0.8090169943749486 0.5877852522924716
  outer loop
    vertex 281.0877516027767 24.88821395818873 6.875395340528428
    vertex 284.08945125268633 25.14652855797141 7.230772574138019
    vertex 281.0877516027767 25.14656534773052 7.230985522222353
  endloop
endfacet
facet normal 4.573628908120482e-05 0.9999998146209736 -0.0006071788948785006
  outer loop
    vertex 281.0877571895667 44.938272324188674 0.7500189640238961
    vertex 283.5894712660883 44.93827091748044 4.249999870755198
    vertex 283.5894708565225 44.93827151047 0.7500175706134805
  endloop
endfacet
facet normal 4.573628908120482e-05 0.9999998146209736 -0.0006071788948785006
  outer loop
    vertex 283.5894712660883 44.93827091748044 4.249999870755198
    vertex 281.0877571895667 44.938272324188674 0.7500189640238961
    vertex 281.0877518374876 44.93827155997126 4.250001997836558
  endloop
endfacet
facet normal 0.9999846056934144 -0.005482408382740715 -0.0008553212914499347
  outer loop
    vertex 284.08205317650805 26.35165156565799 1.2497816781366125
    vertex 284.08945125268633 26.419008394130074 4.728085703868306
    vertex 284.08945125268633 26.396186151465677 4.908742356700102
  endloop
endfacet
facet normal 0.9999846056934144 -0.005482408382740715 -0.0008553212914499347
  outer loop
    vertex 284.08945125268633 26.419008394130074 4.728085703868306
    vertex 284.08205317650805 26.35165156565799 1.2497816781366125
    vertex 284.08945125268633 26.4642929590587 4.551713968173933
  endloop
endfacet
facet normal 0.9999846056934144 -0.005482408382740715 -0.0008553212914499347
  outer loop
    vertex 284.08945125268633 26.157187048330666 8.066861990171127
    vertex 284.08945125268633 26.396186151465677 5.090834863335112
    vertex 284.08945125268633 26.554888973290296 8.254006310626487
  endloop
endfacet
facet normal 0.9999846056934144 -0.005482408382740715 -0.0008553212914499347
  outer loop
    vertex 284.08945125268633 26.396186151465677 5.090834863335112
    vertex 284.08945125268633 26.157187048330666 8.066861990171127
    vertex 284.08205317650805 26.35165156565799 1.2497816781366125
  endloop
endfacet
facet normal 0.9999846056934144 -0.005482408382740715 -0.0008553212914499347
  outer loop
    vertex 284.08945125268633 26.396186151465677 5.090834863335112
    vertex 284.08205317650805 26.35165156565799 1.2497816781366125
    vertex 284.08945125268633 26.396186151465677 4.908742356700102
  endloop
endfacet
facet normal 0.9999846056934144 -0.005482408382740715 -0.0008553212914499347
  outer loop
    vertex 284.08945125268633 26.554888973290296 8.254006310626487
    vertex 284.08945125268633 26.396186151465677 5.090834863335112
    vertex 284.08945125268633 26.419008394130074 5.271491516166907
  endloop
endfacet
facet normal 0.9999846056934144 -0.005482408382740715 -0.0008553212914499347
  outer loop
    vertex 284.08945125268633 26.554888973290296 8.254006310626487
    vertex 284.08945125268633 26.419008394130074 5.271491516166907
    vertex 284.08945125268633 26.4642929590587 5.44786325186128
  endloop
endfacet
facet normal 0.999999522373513 -0.0009773691823347533 1.4925081396421061e-06
  outer loop
    vertex 284.08205392348333 26.351652329875396 0.7497991413722741
    vertex 284.0881842078448 32.62464306815959 1.2498937036477082
    vertex 284.08205317650805 26.35165156565799 1.2497816781366125
  endloop
endfacet
facet normal 0.999999522373513 -0.0009773691823347533 1.4925081396421061e-06
  outer loop
    vertex 284.0881842078448 32.62464306815959 1.2498937036477082
    vertex 284.08205392348333 26.351652329875396 0.7497991413722741
    vertex 284.08818495482006 32.624643832377004 0.7499111668833698
  endloop
endfacet
facet normal 0.001728568772963075 -0.9999985060227184 -1.5259034337232845e-06
  outer loop
    vertex 284.08205317650805 26.35165156565799 1.2497816781366125
    vertex 281.08779857975765 26.34647654553251 0.7500120894566068
    vertex 284.08205392348333 26.351652329875396 0.7497991413722741
  endloop
endfacet
facet normal 0.001728568772963075 -0.9999985060227184 -1.5259034337232845e-06
  outer loop
    vertex 281.08779857975765 26.34647654553251 0.7500120894566068
    vertex 284.08205317650805 26.35165156565799 1.2497816781366125
    vertex 281.08779783278237 26.346475781315103 1.2499946262209451
  endloop
endfacet
endsolid stuff
